sensor_id,ubicacion,tipo_via,timestamp,conteo_vehiculos,temperatura_c,condicion_clima,lat,lon
SEN03,Calle 10,Local,2025-03-09 16:00:00,31.0,20.7,soleado,6.20995,-75.57081
SEN06,Circular 4ta,Local,2025-03-14 12:00:00,24.0,24.4,soleado,6.24465,-75.58474
SEN04,Autopista Norte,Troncal,2025-03-07 08:00:00,19.0,19.6,soleado,6.28615,-75.56538
SEN01,Av. Regional,Troncal,2025-03-13 04:00:00,16.0,26.3,soleado,6.23099,-75.58968
SEN06,Circular 4ta,Local,2025-03-19 12:00:00,22.0,25.3,nublado,6.24469,-75.58568
SEN05,Av. Oriental,Arteria,2025-03-20 00:00:00,11.0,21.4,nublado,6.24624,-75.56483
SEN03,Calle 10,Local,2025-03-19 06:00:00,19.0,25.5,soleado,6.21024,-75.57
SEN01,Av. Regional,Troncal,2025-03-09 06:00:00,38.0,20.1,soleado,6.23113,-75.59081
SEN06,Circular 4ta,Local,2025-03-10 18:00:00,39.0,23.4,soleado,6.24508,-75.58456
SEN01,Av. Regional,Troncal,2025-03-08 08:00:00,44.0,22.2,soleado,6.23114,-75.59132
SEN03,Calle 10,Local,2025-03-01 10:00:00,16.0,22.1,soleado,6.21006,-75.57053
SEN04,Autopista Norte,Troncal,2025-03-05 16:00:00,51.0,20.9,soleado,6.28557,-75.5655
SEN04,Autopista Norte,Troncal,2025-03-05 08:00:00,42.0,18.5,soleado,6.28556,-75.56564
SEN06,Circular 4ta,Local,2025-03-05 22:00:00,16.0,24.1,nublado,6.24423,-75.58448
SEN01,Av. Regional,Troncal,2025-03-11 10:00:00,26.0,20.0,soleado,6.2304,-75.58978
SEN03,Calle 10,Local,2025-03-05 18:00:00,29.0,26.4,nublado,6.20921,-75.57181
SEN01,Av. Regional,Troncal,2025-03-08 04:00:00,19.0,22.6,soleado,6.23169,-75.59149
SEN06,Circular 4ta,Local,2025-03-17 06:00:00,40.0,17.5,lluvioso,6.24408,-75.58584
SEN02,Av. 33,Arteria,2025-03-13 16:00:00,42.0,19.2,soleado,6.2146,-75.57392
SEN02,Av. 33,Arteria,2025-03-10 00:00:00,13.0,26.8,lluvioso,6.21402,-75.57394
SEN03,Calle 10,Local,2025-03-07 12:00:00,19.0,23.1,nublado,6.21026,-75.5707
SEN02,Av. 33,Arteria,2025-03-09 10:00:00,16.0,22.1,soleado,6.21443,-75.57318
SEN01,Av. Regional,Troncal,2025-03-03 04:00:00,19.0,24.7,soleado,6.23155,-75.59024
SEN02,Av. 33,Arteria,2025-03-14 16:00:00,35.0,22.4,soleado,6.21448,-75.57257
SEN04,Autopista Norte,Troncal,2025-03-03 08:00:00,36.0,24.3,soleado,6.28617,-75.56482
SEN01,Av. Regional,Troncal,2025-03-15 06:00:00,36.0,27.5,soleado,6.23019,-75.59082
SEN03,Calle 10,Local,2025-03-08 04:00:00,22.0,18.2,lluvioso,6.20927,-75.57132
SEN03,Calle 10,Local,2025-03-09 10:00:00,13.0,23.2,lluvioso,6.20868,-75.57089
SEN03,Calle 10,Local,2025-03-04 06:00:00,40.0,22.3,nublado,6.20929,-75.57003
SEN03,Calle 10,Local,2025-03-12 08:00:00,44.0,23.7,soleado,6.209,-75.57082
SEN04,Autopista Norte,Troncal,2025-03-12 12:00:00,17.0,22.4,nublado,6.28598,-75.56543
SEN04,Autopista Norte,Troncal,2025-03-13 02:00:00,19.0,23.1,soleado,6.28597,-75.56404
SEN01,Av. Regional,Troncal,2025-03-06 22:00:00,9.0,29.5,soleado,6.23046,-75.59032
SEN05,Av. Oriental,Arteria,2025-03-15 06:00:00,46.0,23.7,soleado,6.24769,-75.56485
SEN06,Circular 4ta,Local,2025-03-02 02:00:00,17.0,19.6,soleado,6.24527,-75.58584
SEN05,Av. Oriental,Arteria,2025-03-20 12:00:00,15.0,25.4,nublado,6.24698,-75.56509
SEN04,Autopista Norte,Troncal,2025-03-14 00:00:00,9.0,22.4,soleado,6.28559,-75.56582
SEN04,Autopista Norte,Troncal,2025-03-08 10:00:00,33.0,22.3,nublado,6.28575,-75.56542
SEN06,Circular 4ta,Local,2025-03-13 04:00:00,19.0,24.2,nublado,6.24422,-75.5857
SEN01,Av. Regional,Troncal,2025-03-04 08:00:00,41.0,20.5,nublado,6.23098,-75.59095
SEN06,Circular 4ta,Local,2025-03-14 04:00:00,20.0,21.4,soleado,6.24588,-75.58524
SEN01,Av. Regional,Troncal,2025-03-08 16:00:00,38.0,21.0,nublado,6.23075,-75.59125
SEN06,Circular 4ta,Local,2025-03-09 08:00:00,38.0,27.8,soleado,6.245,-75.58457
SEN03,Calle 10,Local,2025-03-18 18:00:00,35.0,22.2,lluvioso,6.20859,-75.57013
SEN04,Autopista Norte,Troncal,2025-03-16 18:00:00,31.0,27.6,nublado,6.28596,-75.56481
SEN03,Calle 10,Local,2025-03-17 18:00:00,32.0,18.7,lluvioso,6.20838,-75.57059
SEN04,Autopista Norte,Troncal,2025-03-03 02:00:00,15.0,26.9,soleado,6.28716,-75.56568
SEN05,Av. Oriental,Arteria,2025-03-15 14:00:00,16.0,26.1,soleado,6.24799,-75.56423
SEN01,Av. Regional,Troncal,2025-03-13 02:00:00,7.0,21.3,soleado,6.2301,-75.58979
SEN01,Av. Regional,Troncal,2025-03-11 20:00:00,14.0,23.1,lluvioso,6.2314,-75.59033
SEN01,Av. Regional,Troncal,2025-03-15 22:00:00,19.0,22.5,soleado,6.23138,-75.59006
SEN03,Calle 10,Local,2025-03-20 06:00:00,31.0,23.1,soleado,6.20848,-75.57056
SEN03,Calle 10,Local,2025-03-07 20:00:00,14.0,21.5,soleado,6.20951,-75.57196
SEN01,Av. Regional,Troncal,2025-03-04 06:00:00,52.0,20.4,soleado,6.23069,-75.59159
SEN06,Circular 4ta,Local,2025-03-10 02:00:00,18.0,25.0,nublado,6.24528,-75.58589
SEN06,Circular 4ta,Local,2025-03-09 12:00:00,19.0,17.6,soleado,6.2452,-75.58561
SEN06,Circular 4ta,Local,2025-03-07 22:00:00,7.0,24.2,lluvioso,6.2444,-75.58458
SEN04,Autopista Norte,Troncal,2025-03-09 02:00:00,12.0,22.1,soleado,6.28669,-75.56479
SEN02,Av. 33,Arteria,2025-03-05 10:00:00,15.0,23.4,lluvioso,6.21475,-75.57409
SEN01,Av. Regional,Troncal,2025-03-13 12:00:00,10.0,21.6,soleado,6.23014,-75.59147
SEN05,Av. Oriental,Arteria,2025-03-02 18:00:00,44.0,25.4,soleado,6.24668,-75.56549
SEN05,Av. Oriental,Arteria,2025-03-17 22:00:00,15.0,19.3,soleado,6.24661,-75.56438
SEN06,Circular 4ta,Local,2025-03-18 06:00:00,43.0,23.1,nublado,6.24444,-75.58401
SEN01,Av. Regional,Troncal,2025-03-09 12:00:00,15.0,20.3,soleado,6.23141,-75.59132
SEN01,Av. Regional,Troncal,2025-03-01 18:00:00,47.0,28.6,nublado,6.23142,-75.58988
SEN02,Av. 33,Arteria,2025-03-14 22:00:00,13.0,22.9,soleado,6.21386,-75.57319
SEN02,Av. 33,Arteria,2025-03-06 10:00:00,11.0,21.4,soleado,6.21443,-75.57277
SEN06,Circular 4ta,Local,2025-03-10 10:00:00,16.0,18.9,soleado,6.24505,-75.58482
SEN04,Autopista Norte,Troncal,2025-03-19 22:00:00,10.0,21.6,nublado,6.28672,-75.56508
SEN06,Circular 4ta,Local,2025-03-16 00:00:00,5.0,22.9,soleado,6.24447,-75.58551
SEN05,Av. Oriental,Arteria,2025-03-17 18:00:00,43.0,27.9,soleado,6.24735,-75.56535
SEN06,Circular 4ta,Local,2025-03-01 14:00:00,7.0,18.0,soleado,6.24499,-75.58503
SEN03,Calle 10,Local,2025-03-04 08:00:00,45.0,26.3,soleado,6.20903,-75.57097
SEN01,Av. Regional,Troncal,2025-03-03 02:00:00,12.0,17.6,soleado,6.23117,-75.59157
SEN03,Calle 10,Local,2025-03-09 20:00:00,26.0,25.2,lluvioso,6.20876,-75.57103
SEN02,Av. 33,Arteria,2025-03-07 02:00:00,10.0,25.2,soleado,6.21443,-75.57376
SEN06,Circular 4ta,Local,2025-03-19 02:00:00,15.0,25.4,nublado,6.24436,-75.58414
SEN04,Autopista Norte,Troncal,2025-03-13 16:00:00,48.0,21.5,nublado,6.28675,-75.56456
SEN01,Av. Regional,Troncal,2025-03-06 04:00:00,23.0,20.8,nublado,6.23047,-75.5911
SEN06,Circular 4ta,Local,2025-03-02 20:00:00,14.0,24.9,soleado,6.24421,-75.58532
SEN01,Av. Regional,Troncal,2025-03-01 02:00:00,14.0,26.8,soleado,6.22994,-75.59105
SEN01,Av. Regional,Troncal,2025-03-20 16:00:00,37.0,18.0,soleado,6.23078,-75.59089
SEN01,Av. Regional,Troncal,2025-03-02 14:00:00,18.0,26.7,lluvioso,6.23085,-75.59035
SEN02,Av. 33,Arteria,2025-03-14 00:00:00,15.0,25.6,soleado,6.21507,-75.57402
SEN03,Calle 10,Local,2025-03-08 12:00:00,19.0,29.1,soleado,6.20872,-75.57104
SEN05,Av. Oriental,Arteria,2025-03-01 14:00:00,16.0,23.7,soleado,6.24735,-75.56533
SEN02,Av. 33,Arteria,2025-03-16 10:00:00,20.0,22.3,nublado,6.21394,-75.57353
SEN05,Av. Oriental,Arteria,2025-03-09 08:00:00,40.0,22.5,nublado,6.24752,-75.56455
SEN03,Calle 10,Local,2025-03-18 02:00:00,19.0,27.4,nublado,6.20952,-75.57031
SEN05,Av. Oriental,Arteria,2025-03-02 04:00:00,22.0,23.1,soleado,6.24638,-75.5642
SEN06,Circular 4ta,Local,2025-03-09 04:00:00,2.0,21.6,soleado,6.24536,-75.5852
SEN05,Av. Oriental,Arteria,2025-03-09 10:00:00,15.0,22.0,soleado,6.24792,-75.56582
SEN06,Circular 4ta,Local,2025-03-19 00:00:00,17.0,21.9,lluvioso,6.244,-75.58443
SEN06,Circular 4ta,Local,2025-03-08 04:00:00,6.0,21.9,soleado,6.24409,-75.58467
SEN05,Av. Oriental,Arteria,2025-03-09 14:00:00,6.0,25.7,soleado,6.24633,-75.56525
SEN02,Av. 33,Arteria,2025-03-07 06:00:00,45.0,22.2,soleado,6.21407,-75.57328
SEN01,Av. Regional,Troncal,2025-03-13 06:00:00,43.0,15.3,soleado,6.23088,-75.591
SEN02,Av. 33,Arteria,2025-03-19 08:00:00,34.0,22.4,soleado,6.21367,-75.57403
SEN05,Av. Oriental,Arteria,2025-03-02 02:00:00,12.0,19.5,soleado,6.24719,-75.56596
SEN01,Av. Regional,Troncal,2025-03-05 20:00:00,10.0,20.3,soleado,6.23091,-75.58992
SEN04,Autopista Norte,Troncal,2025-03-09 06:00:00,49.0,21.3,soleado,6.2864,-75.56413
SEN02,Av. 33,Arteria,2025-03-06 08:00:00,38.0,22.4,soleado,6.21497,-75.57415
SEN04,Autopista Norte,Troncal,2025-03-12 14:00:00,10.0,21.6,nublado,6.28568,-75.56451
SEN06,Circular 4ta,Local,2025-03-18 04:00:00,16.0,22.0,soleado,6.24563,-75.58546
SEN06,Circular 4ta,Local,2025-03-19 20:00:00,19.0,19.8,nublado,6.24536,-75.5851
SEN05,Av. Oriental,Arteria,2025-03-19 06:00:00,31.0,24.8,soleado,6.2478,-75.56404
SEN02,Av. 33,Arteria,2025-03-09 16:00:00,53.0,25.8,nublado,6.21416,-75.57339
SEN02,Av. 33,Arteria,2025-03-06 06:00:00,19.0,23.4,lluvioso,6.21372,-75.57309
SEN06,Circular 4ta,Local,2025-03-01 16:00:00,44.0,23.2,soleado,6.24579,-75.58528
SEN06,Circular 4ta,Local,2025-03-13 06:00:00,43.0,21.2,lluvioso,6.24521,-75.58567
SEN03,Calle 10,Local,2025-03-06 02:00:00,19.0,19.5,nublado,6.2085,-75.57112
SEN01,Av. Regional,Troncal,2025-03-13 10:00:00,23.0,19.1,nublado,6.23123,-75.58964
SEN03,Calle 10,Local,2025-03-05 08:00:00,38.0,26.1,soleado,6.20847,-75.57065
SEN04,Autopista Norte,Troncal,2025-03-06 22:00:00,11.0,22.5,nublado,6.28709,-75.56448
SEN02,Av. 33,Arteria,2025-03-05 14:00:00,14.0,23.4,nublado,6.21399,-75.57329
SEN05,Av. Oriental,Arteria,2025-03-11 08:00:00,36.0,27.1,soleado,6.24793,-75.56576
SEN05,Av. Oriental,Arteria,2025-03-18 08:00:00,35.0,23.7,soleado,6.24647,-75.56449
SEN01,Av. Regional,Troncal,2025-03-12 06:00:00,43.0,25.2,nublado,6.23096,-75.58971
SEN03,Calle 10,Local,2025-03-20 20:00:00,8.0,21.7,nublado,6.20926,-75.57084
SEN05,Av. Oriental,Arteria,2025-03-09 06:00:00,35.0,19.0,soleado,6.24792,-75.56436
SEN03,Calle 10,Local,2025-03-01 06:00:00,30.0,25.6,soleado,6.20982,-75.57084
SEN01,Av. Regional,Troncal,2025-03-09 00:00:00,15.0,23.3,nublado,6.23091,-75.58999
SEN04,Autopista Norte,Troncal,2025-03-14 02:00:00,12.0,23.1,soleado,6.28623,-75.56427
SEN02,Av. 33,Arteria,2025-03-12 22:00:00,9.0,24.0,lluvioso,6.215,-75.57421
SEN06,Circular 4ta,Local,2025-03-12 18:00:00,44.0,18.9,soleado,6.246,-75.5857
SEN06,Circular 4ta,Local,2025-03-17 14:00:00,10.0,24.9,soleado,6.24501,-75.58453
SEN05,Av. Oriental,Arteria,2025-03-03 10:00:00,8.0,15.8,nublado,6.24787,-75.56496
SEN06,Circular 4ta,Local,2025-03-12 14:00:00,24.0,18.4,lluvioso,6.24477,-75.58455
SEN03,Calle 10,Local,2025-03-20 02:00:00,17.0,27.0,soleado,6.20986,-75.57193
SEN03,Calle 10,Local,2025-03-10 08:00:00,19.0,20.3,soleado,6.20942,-75.57068
SEN02,Av. 33,Arteria,2025-03-01 20:00:00,10.0,22.2,soleado,6.21485,-75.57312
SEN06,Circular 4ta,Local,2025-03-10 00:00:00,14.0,22.3,nublado,6.2454,-75.58579
SEN04,Autopista Norte,Troncal,2025-03-16 06:00:00,43.0,21.6,soleado,6.28707,-75.56429
SEN06,Circular 4ta,Local,2025-03-20 20:00:00,20.0,23.9,soleado,6.24543,-75.58538
SEN05,Av. Oriental,Arteria,2025-03-08 20:00:00,25.0,19.5,soleado,6.24773,-75.5648
SEN01,Av. Regional,Troncal,2025-03-11 02:00:00,19.0,23.6,nublado,6.22986,-75.59137
SEN01,Av. Regional,Troncal,2025-03-08 20:00:00,19.0,25.4,soleado,6.23083,-75.59092
SEN05,Av. Oriental,Arteria,2025-03-11 00:00:00,9.0,24.3,nublado,6.24725,-75.56597
SEN06,Circular 4ta,Local,2025-09-03 20:00:00,9.0,23.5,soleado,6.24427,-75.58517
SEN03,Calle 10,Local,2025-03-14 04:00:00,26.0,19.8,soleado,6.20843,-75.57069
SEN03,Calle 10,Local,2025-03-04 14:00:00,19.0,19.9,soleado,6.20992,-75.5718
SEN05,Av. Oriental,Arteria,2025-03-19 08:00:00,45.0,28.7,nublado,6.24697,-75.56417
SEN03,Calle 10,Local,2025-03-16 10:00:00,18.0,20.6,soleado,6.21026,-75.57017
SEN04,Autopista Norte,Troncal,2025-03-12 22:00:00,6.0,24.1,lluvioso,6.28748,-75.56581
SEN04,Autopista Norte,Troncal,2025-03-03 12:00:00,14.0,22.5,soleado,6.28646,-75.56455
SEN04,Autopista Norte,Troncal,2025-03-15 08:00:00,27.0,23.3,soleado,6.28743,-75.56429
SEN06,Circular 4ta,Local,2025-03-04 04:00:00,4.0,26.7,nublado,6.24415,-75.58569
SEN05,Av. Oriental,Arteria,2025-03-06 00:00:00,9.0,25.7,lluvioso,6.24649,-75.56512
SEN06,Circular 4ta,Local,2025-03-15 18:00:00,43.0,21.6,soleado,6.24567,-75.58587
SEN01,Av. Regional,Troncal,2025-03-19 22:00:00,15.0,23.7,soleado,6.22994,-75.59114
SEN02,Av. 33,Arteria,2025-03-16 18:00:00,49.0,21.7,nublado,6.21401,-75.57281
SEN03,Calle 10,Local,2025-03-02 06:00:00,40.0,21.1,soleado,6.20951,-75.57109
SEN05,Av. Oriental,Arteria,2025-03-03 14:00:00,19.0,21.5,soleado,6.24717,-75.56466
SEN01,Av. Regional,Troncal,2025-03-08 00:00:00,21.0,22.0,lluvioso,6.23135,-75.58998
SEN05,Av. Oriental,Arteria,2025-03-11 06:00:00,46.0,19.7,nublado,6.24672,-75.56564
SEN04,Autopista Norte,Troncal,2025-03-13 04:00:00,23.0,25.7,soleado,6.28591,-75.56405
SEN04,Autopista Norte,Troncal,2025-03-01 14:00:00,14.0,18.8,soleado,6.2863,-75.56477
SEN06,Circular 4ta,Local,2025-03-13 02:00:00,5.0,22.5,soleado,6.24574,-75.58572
SEN01,Av. Regional,Troncal,2025-03-02 18:00:00,38.0,20.7,nublado,6.22983,-75.59056
SEN04,Autopista Norte,Troncal,2025-03-05 20:00:00,19.0,25.6,nublado,6.28612,-75.56571
SEN01,Av. Regional,Troncal,2025-03-07 18:00:00,34.0,24.3,nublado,6.22989,-75.59147
SEN03,Calle 10,Local,2025-03-03 10:00:00,23.0,24.8,nublado,6.20902,-75.57089
SEN03,Calle 10,Local,2025-03-19 08:00:00,19.0,20.8,soleado,6.20908,-75.57009
SEN06,Circular 4ta,Local,2025-03-05 00:00:00,13.0,21.5,soleado,6.24553,-75.5847
SEN02,Av. 33,Arteria,2025-03-18 16:00:00,34.0,21.9,nublado,6.21492,-75.57332
SEN04,Autopista Norte,Troncal,2025-12-03 00:00:00,18.0,24.7,nublado,6.28704,-75.56431
SEN02,Av. 33,Arteria,2025-03-05 04:00:00,19.0,23.1,soleado,6.21386,-75.57355
SEN06,Circular 4ta,Local,2025-03-09 14:00:00,17.0,26.5,nublado,6.24593,-75.58538
SEN03,Calle 10,Local,2025-03-11 12:00:00,12.0,23.1,nublado,6.20877,-75.57168
SEN05,Av. Oriental,Arteria,2025-03-06 16:00:00,44.0,16.0,soleado,6.2473,-75.56428
SEN01,Av. Regional,Troncal,2025-03-09 18:00:00,37.0,24.2,lluvioso,6.2316,-75.59025
SEN03,Calle 10,Local,2025-03-07 18:00:00,47.0,17.6,nublado,6.20936,-75.57079
SEN03,Calle 10,Local,2025-03-16 16:00:00,44.0,24.5,lluvioso,6.20878,-75.57113
SEN04,Autopista Norte,Troncal,2025-03-18 22:00:00,17.0,23.1,nublado,6.28629,-75.56463
SEN03,Calle 10,Local,2025-03-20 10:00:00,5.0,21.1,nublado,6.20938,-75.57195
SEN03,Calle 10,Local,2025-03-02 18:00:00,42.0,22.4,soleado,6.20869,-75.57174
SEN05,Av. Oriental,Arteria,2025-03-12 06:00:00,46.0,24.6,nublado,6.24655,-75.56465
SEN03,Calle 10,Local,2025-03-02 20:00:00,12.0,20.3,nublado,6.2092,-75.57042
SEN03,Calle 10,Local,2025-03-20 04:00:00,20.0,26.2,nublado,6.21013,-75.57121
SEN03,Calle 10,Local,2025-03-04 12:00:00,19.0,26.1,soleado,6.20912,-75.57105
SEN02,Av. 33,Arteria,2025-03-12 00:00:00,13.0,22.0,soleado,6.21402,-75.57273
SEN05,Av. Oriental,Arteria,2025-03-12 10:00:00,10.0,24.6,soleado,6.24739,-75.56595
SEN01,Av. Regional,Troncal,2025-03-10 02:00:00,13.0,20.9,soleado,6.23079,-75.59073
SEN04,Autopista Norte,Troncal,2025-03-14 12:00:00,7.0,17.6,nublado,6.28728,-75.56503
SEN06,Circular 4ta,Local,2025-03-12 02:00:00,7.0,23.5,soleado,6.24486,-75.58532
SEN05,Av. Oriental,Arteria,2025-03-13 18:00:00,39.0,22.2,soleado,6.24625,-75.56569
SEN02,Av. 33,Arteria,2025-03-19 22:00:00,22.0,22.5,soleado,6.21353,-75.5729
SEN04,Autopista Norte,Troncal,2025-03-12 18:00:00,43.0,18.1,nublado,6.28646,-75.56405
SEN06,Circular 4ta,Local,2025-03-12 08:00:00,37.0,23.1,nublado,6.24551,-75.58522
SEN05,Av. Oriental,Arteria,2025-03-10 20:00:00,18.0,24.9,lluvioso,6.24771,-75.56484
SEN03,Calle 10,Local,2025-03-12 06:00:00,41.0,23.1,soleado,6.20996,-75.57036
SEN03,Calle 10,Local,2025-03-06 00:00:00,2.0,19.8,lluvioso,6.21029,-75.5719
SEN05,Av. Oriental,Arteria,2025-03-06 22:00:00,10.0,23.6,nublado,6.24711,-75.56427
SEN03,Calle 10,Local,2025-03-10 20:00:00,13.0,24.8,soleado,6.20925,-75.57146
SEN05,Av. Oriental,Arteria,2025-03-01 16:00:00,45.0,24.1,soleado,6.24739,-75.5658
SEN02,Av. 33,Arteria,2025-03-20 22:00:00,16.0,23.9,nublado,6.21455,-75.57267
SEN04,Autopista Norte,Troncal,2025-03-16 22:00:00,26.0,23.1,soleado,6.28578,-75.5643
SEN01,Av. Regional,Troncal,2025-03-05 00:00:00,13.0,23.1,soleado,6.2317,-75.58973
SEN01,Av. Regional,Troncal,2025-03-15 02:00:00,24.0,22.4,lluvioso,6.23031,-75.59121
SEN04,Autopista Norte,Troncal,2025-03-16 04:00:00,18.0,21.6,nublado,6.2862,-75.5648
SEN02,Av. 33,Arteria,2025-03-20 00:00:00,14.0,22.2,soleado,6.21402,-75.57377
SEN04,Autopista Norte,Troncal,2025-03-10 10:00:00,9.0,21.0,soleado,6.28728,-75.56522
SEN02,Av. 33,Arteria,2025-03-03 18:00:00,42.0,26.1,soleado,6.21431,-75.57279
SEN06,Circular 4ta,Local,2025-03-17 20:00:00,13.0,22.3,soleado,6.24507,-75.58457
SEN02,Av. 33,Arteria,2025-03-13 12:00:00,20.0,20.3,soleado,6.21527,-75.57318
SEN05,Av. Oriental,Arteria,2025-03-05 00:00:00,10.0,23.8,soleado,6.24612,-75.56563
SEN04,Autopista Norte,Troncal,2025-03-18 04:00:00,17.0,22.9,nublado,6.28565,-75.56421
SEN05,Av. Oriental,Arteria,2025-03-06 08:00:00,35.0,18.8,soleado,6.24744,-75.56424
SEN04,Autopista Norte,Troncal,2025-03-07 12:00:00,17.0,25.1,soleado,6.28671,-75.56551
SEN02,Av. 33,Arteria,2025-03-20 10:00:00,19.0,24.4,soleado,6.21461,-75.57382
SEN03,Calle 10,Local,2025-03-11 22:00:00,9.0,24.0,lluvioso,6.2095,-75.57097
SEN05,Av. Oriental,Arteria,2025-03-13 00:00:00,8.0,22.3,soleado,6.24664,-75.56584
SEN03,Calle 10,Local,2025-03-05 20:00:00,14.0,26.9,soleado,6.20891,-75.57131
SEN03,Calle 10,Local,2025-03-02 04:00:00,19.0,26.2,soleado,6.20949,-75.57022
SEN02,Av. 33,Arteria,2025-03-05 20:00:00,12.0,19.7,nublado,6.21502,-75.57269
SEN05,Av. Oriental,Arteria,2025-03-11 10:00:00,13.0,21.7,nublado,6.24767,-75.56505
SEN05,Av. Oriental,Arteria,2025-03-11 18:00:00,27.0,27.4,soleado,6.24716,-75.56541
SEN05,Av. Oriental,Arteria,2025-03-14 20:00:00,14.0,22.5,nublado,6.24777,-75.56554
SEN02,Av. 33,Arteria,2025-03-08 12:00:00,18.0,27.3,soleado,6.21509,-75.57296
SEN05,Av. Oriental,Arteria,2025-03-08 22:00:00,19.0,26.9,nublado,6.24633,-75.56407
SEN04,Autopista Norte,Troncal,2025-03-08 14:00:00,15.0,19.4,lluvioso,6.28651,-75.56522
SEN05,Av. Oriental,Arteria,2025-03-17 08:00:00,35.0,25.2,soleado,6.24732,-75.56478
SEN04,Autopista Norte,Troncal,2025-03-08 06:00:00,42.0,23.1,soleado,6.28669,-75.56553
SEN06,Circular 4ta,Local,2025-03-15 10:00:00,19.0,23.1,soleado,6.24439,-75.58592
SEN04,Autopista Norte,Troncal,2025-03-03 22:00:00,15.0,23.8,soleado,6.28614,-75.56478
SEN03,Calle 10,Local,2025-03-10 00:00:00,23.0,22.6,lluvioso,6.2093,-75.57058
SEN06,Circular 4ta,Local,2025-03-08 02:00:00,15.0,20.2,nublado,6.24581,-75.58544
SEN02,Av. 33,Arteria,2025-03-06 14:00:00,19.0,28.0,soleado,6.21446,-75.57376
SEN03,Calle 10,Local,2025-03-16 06:00:00,42.0,20.5,lluvioso,6.20939,-75.57145
SEN02,Av. 33,Arteria,2025-03-13 10:00:00,3.0,30.5,soleado,6.21443,-75.57295
SEN02,Av. 33,Arteria,2025-03-17 14:00:00,19.0,18.9,nublado,6.21374,-75.5736
SEN04,Autopista Norte,Troncal,2025-03-12 10:00:00,19.0,22.8,nublado,6.28554,-75.56559
SEN02,Av. 33,Arteria,2025-03-03 08:00:00,44.0,23.8,lluvioso,6.21507,-75.57253
SEN02,Av. 33,Arteria,2025-03-15 04:00:00,9.0,23.1,soleado,6.21528,-75.57291
SEN03,Calle 10,Local,2025-11-03 08:00:00,35.0,27.6,lluvioso,6.21012,-75.57031
SEN05,Av. Oriental,Arteria,2025-03-02 10:00:00,9.0,24.8,soleado,6.2462,-75.56415
SEN04,Autopista Norte,Troncal,2025-03-11 18:00:00,34.0,28.2,nublado,6.28556,-75.5658
SEN02,Av. 33,Arteria,2025-03-10 16:00:00,39.0,20.7,soleado,6.21403,-75.5732
SEN05,Av. Oriental,Arteria,2025-03-13 14:00:00,14.0,21.9,soleado,6.24701,-75.56581
SEN06,Circular 4ta,Local,2025-03-02 18:00:00,48.0,22.8,nublado,6.24531,-75.58483
SEN05,Av. Oriental,Arteria,2025-03-02 16:00:00,44.0,27.6,nublado,6.24623,-75.5652
SEN04,Autopista Norte,Troncal,2025-03-13 06:00:00,19.0,19.8,soleado,6.28678,-75.56587
SEN03,Calle 10,Local,2025-03-11 06:00:00,40.0,23.1,lluvioso,6.20868,-75.57086
SEN06,Circular 4ta,Local,2025-03-06 12:00:00,0.0,22.5,soleado,6.24439,-75.58501
SEN02,Av. 33,Arteria,2025-03-17 18:00:00,37.0,21.5,nublado,6.21455,-75.574
SEN03,Calle 10,Local,2025-03-14 18:00:00,31.0,28.1,soleado,6.20887,-75.57078
SEN05,Av. Oriental,Arteria,2025-03-11 16:00:00,51.0,22.5,nublado,6.24702,-75.56565
SEN01,Av. Regional,Troncal,2025-03-09 08:00:00,47.0,26.0,nublado,6.22998,-75.59153
SEN02,Av. 33,Arteria,2025-03-16 08:00:00,34.0,20.1,soleado,6.21509,-75.5727
SEN04,Autopista Norte,Troncal,2025-03-03 18:00:00,38.0,20.8,soleado,6.28719,-75.56532
SEN02,Av. 33,Arteria,2025-03-04 20:00:00,16.0,27.4,nublado,6.21364,-75.57368
SEN02,Av. 33,Arteria,2025-03-15 00:00:00,19.0,18.8,nublado,6.21431,-75.57259
SEN02,Av. 33,Arteria,2025-03-09 00:00:00,26.0,23.8,soleado,6.21378,-75.57283
SEN01,Av. Regional,Troncal,2025-03-09 10:00:00,19.0,21.7,soleado,6.23033,-75.59043
SEN06,Circular 4ta,Local,2025-03-06 20:00:00,19.0,24.8,nublado,6.24475,-75.58553
SEN03,Calle 10,Local,2025-03-03 18:00:00,44.0,21.8,soleado,6.20833,-75.57039
SEN05,Av. Oriental,Arteria,2025-03-12 00:00:00,19.0,25.4,soleado,6.24754,-75.56464
SEN04,Autopista Norte,Troncal,2025-03-11 16:00:00,36.0,22.6,lluvioso,6.28552,-75.5657
SEN04,Autopista Norte,Troncal,2025-03-19 16:00:00,19.0,28.2,lluvioso,6.28613,-75.56552
SEN02,Av. 33,Arteria,2025-03-04 10:00:00,19.0,24.1,lluvioso,6.21487,-75.57268
SEN04,Autopista Norte,Troncal,2025-03-10 22:00:00,6.0,22.4,soleado,6.28707,-75.5647
SEN06,Circular 4ta,Local,2025-03-10 06:00:00,40.0,26.8,lluvioso,6.24473,-75.5855
SEN04,Autopista Norte,Troncal,2025-03-12 04:00:00,18.0,22.1,nublado,6.28594,-75.56434
SEN02,Av. 33,Arteria,2025-03-16 14:00:00,21.0,23.6,soleado,6.21479,-75.57262
SEN01,Av. Regional,Troncal,2025-03-17 10:00:00,5.0,19.2,nublado,6.23167,-75.59131
SEN05,Av. Oriental,Arteria,2025-03-14 08:00:00,34.0,28.1,soleado,6.24676,-75.56478
SEN01,Av. Regional,Troncal,2025-03-10 22:00:00,12.0,20.3,lluvioso,6.2313,-75.59144
SEN03,Calle 10,Local,2025-03-09 02:00:00,11.0,22.8,soleado,6.2086,-75.57183
SEN05,Av. Oriental,Arteria,2025-03-13 04:00:00,13.0,20.1,soleado,6.24753,-75.56512
SEN05,Av. Oriental,Arteria,2025-03-05 20:00:00,18.0,26.2,soleado,6.24654,-75.5655
SEN01,Av. Regional,Troncal,2025-03-03 20:00:00,7.0,23.9,lluvioso,6.23062,-75.58991
SEN05,Av. Oriental,Arteria,2025-03-08 16:00:00,33.0,20.1,nublado,6.24769,-75.56522
SEN06,Circular 4ta,Local,2025-03-19 04:00:00,22.0,25.0,nublado,6.24457,-75.58541
SEN06,Circular 4ta,Local,2025-03-19 18:00:00,48.0,28.5,soleado,6.24409,-75.58454
SEN04,Autopista Norte,Troncal,2025-03-19 02:00:00,10.0,23.4,soleado,6.28567,-75.56497
SEN06,Circular 4ta,Local,2025-03-16 12:00:00,6.0,16.3,soleado,6.2458,-75.58439
SEN01,Av. Regional,Troncal,2025-03-20 08:00:00,40.0,22.2,soleado,6.23083,-75.59019
SEN02,Av. 33,Arteria,2025-03-10 08:00:00,26.0,24.7,nublado,6.21443,-75.57314
SEN01,Av. Regional,Troncal,2025-03-18 06:00:00,37.0,16.0,soleado,6.23013,-75.58978
SEN05,Av. Oriental,Arteria,2025-03-07 00:00:00,9.0,22.9,soleado,6.2461,-75.56492
SEN05,Av. Oriental,Arteria,2025-03-11 12:00:00,19.0,22.6,lluvioso,6.24626,-75.56405
SEN03,Calle 10,Local,2025-03-02 08:00:00,45.0,21.8,soleado,6.20946,-75.57106
SEN04,Autopista Norte,Troncal,2025-03-02 12:00:00,16.0,31.5,lluvioso,6.28592,-75.56533
SEN02,Av. 33,Arteria,2025-03-01 06:00:00,43.0,22.3,lluvioso,6.21493,-75.57331
SEN05,Av. Oriental,Arteria,2025-03-03 20:00:00,14.0,23.7,soleado,6.24659,-75.56543
SEN03,Calle 10,Local,2025-03-10 18:00:00,40.0,25.2,soleado,6.2096,-75.5713
SEN06,Circular 4ta,Local,2025-03-18 10:00:00,19.0,24.3,soleado,6.24404,-75.58529
SEN03,Calle 10,Local,2025-03-10 14:00:00,23.0,22.7,soleado,6.20941,-75.57186
SEN05,Av. Oriental,Arteria,2025-03-17 00:00:00,18.0,22.2,nublado,6.24725,-75.56484
SEN01,Av. Regional,Troncal,2025-03-20 22:00:00,17.0,16.6,nublado,6.23139,-75.59022
SEN06,Circular 4ta,Local,2025-03-07 00:00:00,9.0,22.1,nublado,6.24522,-75.58456
SEN05,Av. Oriental,Arteria,2025-03-07 06:00:00,33.0,27.7,lluvioso,6.2471,-75.56536
SEN03,Calle 10,Local,2025-03-17 06:00:00,53.0,23.1,soleado,6.20921,-75.57169
SEN06,Circular 4ta,Local,2025-03-10 16:00:00,42.0,26.3,nublado,6.24593,-75.58475
SEN03,Calle 10,Local,2025-03-08 10:00:00,16.0,25.8,soleado,6.20836,-75.57185
SEN06,Circular 4ta,Local,2025-03-06 06:00:00,44.0,25.5,lluvioso,6.24528,-75.58535
SEN01,Av. Regional,Troncal,2025-03-05 16:00:00,45.0,19.9,lluvioso,6.23098,-75.59079
SEN03,Calle 10,Local,2025-03-19 00:00:00,22.0,18.5,nublado,6.20922,-75.57122
SEN05,Av. Oriental,Arteria,2025-03-12 12:00:00,12.0,20.4,soleado,6.24739,-75.56412
SEN06,Circular 4ta,Local,2025-03-04 16:00:00,53.0,25.8,nublado,6.24481,-75.58497
SEN02,Av. 33,Arteria,2025-03-06 04:00:00,14.0,23.1,soleado,6.21372,-75.5735
SEN04,Autopista Norte,Troncal,2025-03-04 18:00:00,49.0,25.4,nublado,6.28565,-75.56427
SEN06,Circular 4ta,Local,2025-03-15 16:00:00,19.0,23.4,soleado,6.24599,-75.58547
SEN02,Av. 33,Arteria,2025-03-01 12:00:00,15.0,28.3,nublado,6.21421,-75.57291
SEN03,Calle 10,Local,2025-03-20 12:00:00,16.0,24.9,nublado,6.20986,-75.57003
SEN04,Autopista Norte,Troncal,2025-03-05 12:00:00,21.0,22.4,nublado,6.28713,-75.56487
SEN05,Av. Oriental,Arteria,2025-03-15 04:00:00,15.0,21.9,soleado,6.24701,-75.56488
SEN06,Circular 4ta,Local,2025-03-15 12:00:00,20.0,28.2,nublado,6.24513,-75.58449
SEN06,Circular 4ta,Local,2025-03-05 04:00:00,6.0,17.6,nublado,6.24557,-75.58457
SEN05,Av. Oriental,Arteria,2025-03-01 18:00:00,42.0,20.8,soleado,6.24652,-75.56462
SEN02,Av. 33,Arteria,2025-03-15 14:00:00,24.0,28.4,lluvioso,6.21447,-75.57248
SEN04,Autopista Norte,Troncal,2025-03-12 02:00:00,14.0,19.8,soleado,6.28747,-75.56564
SEN05,Av. Oriental,Arteria,2025-03-07 14:00:00,19.0,22.8,soleado,6.24766,-75.56536
SEN03,Calle 10,Local,2025-03-15 10:00:00,23.0,22.5,soleado,6.20847,-75.57176
SEN03,Calle 10,Local,2025-03-03 00:00:00,19.0,28.2,soleado,6.20848,-75.57032
SEN04,Autopista Norte,Troncal,2025-03-02 18:00:00,50.0,29.6,soleado,6.28609,-75.56496
SEN04,Autopista Norte,Troncal,2025-03-09 10:00:00,11.0,23.4,soleado,6.28648,-75.56591
SEN06,Circular 4ta,Local,2025-03-06 00:00:00,24.0,23.9,soleado,6.24564,-75.58405
SEN03,Calle 10,Local,2025-03-18 16:00:00,37.0,25.3,soleado,6.209,-75.57197
SEN01,Av. Regional,Troncal,2025-03-10 10:00:00,19.0,17.0,soleado,6.23028,-75.59028
SEN02,Av. 33,Arteria,2025-03-18 14:00:00,17.0,19.8,nublado,6.2153,-75.57249
SEN02,Av. 33,Arteria,2025-03-18 10:00:00,18.0,20.6,soleado,6.21468,-75.57302
SEN04,Autopista Norte,Troncal,2025-03-07 10:00:00,18.0,23.3,soleado,6.28678,-75.56411
SEN04,Autopista Norte,Troncal,2025-03-13 12:00:00,11.0,24.6,soleado,6.28584,-75.56593
SEN06,Circular 4ta,Local,2025-03-17 16:00:00,35.0,18.6,soleado,6.24534,-75.58582
SEN03,Calle 10,Local,2025-03-18 10:00:00,20.0,23.6,soleado,6.20977,-75.57125
SEN01,Av. Regional,Troncal,2025-03-13 16:00:00,39.0,25.1,nublado,6.23137,-75.5902
SEN02,Av. 33,Arteria,2025-03-14 04:00:00,7.0,19.8,soleado,6.21355,-75.57416
SEN01,Av. Regional,Troncal,2025-03-11 00:00:00,4.0,22.0,lluvioso,6.23105,-75.59144
SEN03,Calle 10,Local,2025-03-13 10:00:00,17.0,18.8,lluvioso,6.21029,-75.57013
SEN03,Calle 10,Local,2025-03-17 02:00:00,19.0,14.4,nublado,6.20979,-75.57109
SEN01,Av. Regional,Troncal,2025-03-03 12:00:00,13.0,23.1,nublado,6.22996,-75.5915
SEN06,Circular 4ta,Local,2025-03-19 14:00:00,4.0,24.3,soleado,6.24414,-75.58594
SEN02,Av. 33,Arteria,2025-03-04 16:00:00,41.0,23.2,soleado,6.21464,-75.57383
SEN04,Autopista Norte,Troncal,2025-03-03 06:00:00,31.0,16.6,nublado,6.28578,-75.56426
SEN06,Circular 4ta,Local,2025-03-06 08:00:00,42.0,19.5,soleado,6.24523,-75.58424
SEN03,Calle 10,Local,2025-03-12 14:00:00,19.0,22.5,soleado,6.20909,-75.57196
SEN02,Av. 33,Arteria,2025-03-10 02:00:00,10.0,23.1,nublado,6.21395,-75.57426
SEN01,Av. Regional,Troncal,2025-03-12 12:00:00,19.0,22.6,soleado,6.23014,-75.59008
SEN01,Av. Regional,Troncal,2025-03-12 00:00:00,18.0,23.5,soleado,6.22997,-75.59105
SEN05,Av. Oriental,Arteria,2025-03-04 10:00:00,10.0,23.9,soleado,6.24772,-75.56437
SEN01,Av. Regional,Troncal,2025-03-18 16:00:00,19.0,25.7,soleado,6.23026,-75.59017
SEN04,Autopista Norte,Troncal,2025-03-06 14:00:00,8.0,24.0,nublado,6.2869,-75.56483
SEN03,Calle 10,Local,2025-03-07 08:00:00,34.0,24.1,nublado,6.20938,-75.57144
SEN04,Autopista Norte,Troncal,2025-03-06 00:00:00,13.0,25.4,soleado,6.28609,-75.56548
SEN04,Autopista Norte,Troncal,2025-03-15 00:00:00,11.0,22.1,soleado,6.28742,-75.56438
SEN02,Av. 33,Arteria,2025-03-11 12:00:00,17.0,22.4,soleado,6.21437,-75.57403
SEN06,Circular 4ta,Local,2025-03-05 14:00:00,4.0,21.8,nublado,6.24546,-75.58566
SEN06,Circular 4ta,Local,2025-03-14 06:00:00,42.0,29.8,soleado,6.2445,-75.58584
SEN03,Calle 10,Local,2025-03-14 14:00:00,11.0,18.4,soleado,6.21011,-75.57077
SEN04,Autopista Norte,Troncal,2025-03-10 02:00:00,21.0,27.1,nublado,6.28703,-75.56546
SEN05,Av. Oriental,Arteria,2025-03-07 08:00:00,40.0,24.5,soleado,6.24728,-75.56509
SEN05,Av. Oriental,Arteria,2025-03-20 02:00:00,14.0,26.8,nublado,6.24781,-75.56433
SEN02,Av. 33,Arteria,2025-03-03 22:00:00,16.0,20.1,nublado,6.21412,-75.57312
SEN02,Av. 33,Arteria,2025-03-12 06:00:00,24.0,24.6,soleado,6.21478,-75.57242
SEN06,Circular 4ta,Local,2025-03-17 08:00:00,45.0,25.2,lluvioso,6.2454,-75.58599
SEN03,Calle 10,Local,2025-03-07 22:00:00,10.0,22.9,nublado,6.20875,-75.57121
SEN02,Av. 33,Arteria,2025-03-10 04:00:00,20.0,21.7,nublado,6.21385,-75.57276
SEN02,Av. 33,Arteria,2025-03-13 02:00:00,11.0,18.5,soleado,6.21366,-75.57334
SEN05,Av. Oriental,Arteria,2025-03-13 06:00:00,27.0,22.0,nublado,6.24715,-75.56492
SEN05,Av. Oriental,Arteria,2025-03-07 12:00:00,19.0,23.2,soleado,6.24623,-75.56487
SEN02,Av. 33,Arteria,2025-03-16 22:00:00,8.0,24.5,lluvioso,6.21466,-75.57305
SEN03,Calle 10,Local,2025-03-17 22:00:00,5.0,23.0,soleado,6.2088,-75.57197
SEN06,Circular 4ta,Local,2025-03-05 02:00:00,19.0,24.9,soleado,6.24452,-75.58536
SEN01,Av. Regional,Troncal,2025-03-16 22:00:00,19.0,20.2,soleado,6.2299,-75.58987
SEN02,Av. 33,Arteria,2025-03-15 12:00:00,19.0,19.8,nublado,6.21539,-75.57245
SEN04,Autopista Norte,Troncal,2025-03-04 02:00:00,21.0,25.2,soleado,6.28565,-75.56436
SEN05,Av. Oriental,Arteria,2025-03-02 14:00:00,19.0,26.5,lluvioso,6.2468,-75.56468
SEN04,Autopista Norte,Troncal,2025-03-04 22:00:00,19.0,24.2,soleado,6.28592,-75.56476
SEN01,Av. Regional,Troncal,2025-03-03 06:00:00,19.0,20.6,soleado,6.23004,-75.59075
SEN06,Circular 4ta,Local,2025-03-20 22:00:00,29.0,24.5,soleado,6.24477,-75.58458
SEN04,Autopista Norte,Troncal,2025-03-10 18:00:00,33.0,22.3,soleado,6.28673,-75.5644
SEN06,Circular 4ta,Local,2025-03-19 08:00:00,38.0,17.9,nublado,6.24436,-75.58544
SEN01,Av. Regional,Troncal,2025-03-15 10:00:00,21.0,23.0,nublado,6.23048,-75.58985
SEN02,Av. 33,Arteria,2025-03-08 16:00:00,36.0,21.9,nublado,6.21423,-75.57421
SEN06,Circular 4ta,Local,2025-11-03 04:00:00,13.0,23.1,nublado,6.24498,-75.5841
SEN02,Av. 33,Arteria,2025-03-03 10:00:00,12.0,25.5,nublado,6.21412,-75.57319
SEN03,Calle 10,Local,2025-03-19 12:00:00,17.0,26.9,soleado,6.20912,-75.57197
SEN05,Av. Oriental,Arteria,2025-03-10 12:00:00,19.0,25.4,soleado,6.24762,-75.56537
SEN01,Av. Regional,Troncal,2025-03-12 04:00:00,22.0,23.4,soleado,6.23054,-75.59038
SEN01,Av. Regional,Troncal,2025-03-16 12:00:00,19.0,22.6,soleado,6.22982,-75.59063
SEN05,Av. Oriental,Arteria,2025-03-08 08:00:00,54.0,19.8,lluvioso,6.24643,-75.56457
SEN06,Circular 4ta,Local,2025-03-03 00:00:00,12.0,23.3,nublado,6.24577,-75.58461
SEN06,Circular 4ta,Local,2025-03-16 06:00:00,42.0,23.9,lluvioso,6.24543,-75.58422
SEN02,Av. 33,Arteria,2025-03-01 22:00:00,10.0,26.7,lluvioso,6.21523,-75.57314
SEN01,Av. Regional,Troncal,2025-03-11 06:00:00,41.0,23.7,soleado,6.23118,-75.59018
SEN03,Calle 10,Local,2025-03-11 14:00:00,17.0,16.8,soleado,6.20915,-75.57037
SEN05,Av. Oriental,Arteria,2025-03-10 22:00:00,11.0,21.5,soleado,6.24796,-75.56409
SEN01,Av. Regional,Troncal,2025-03-14 12:00:00,19.0,14.4,lluvioso,6.2302,-75.58991
SEN05,Av. Oriental,Arteria,2025-03-15 18:00:00,37.0,17.7,soleado,6.24712,-75.56598
SEN05,Av. Oriental,Arteria,2025-03-16 12:00:00,17.0,28.5,soleado,6.24771,-75.56483
SEN01,Av. Regional,Troncal,2025-03-15 14:00:00,7.0,25.0,soleado,6.23108,-75.59082
SEN01,Av. Regional,Troncal,2025-03-04 14:00:00,2.0,23.9,nublado,6.23137,-75.58998
SEN06,Circular 4ta,Local,2025-03-14 02:00:00,7.0,23.1,lluvioso,6.24547,-75.58518
SEN05,Av. Oriental,Arteria,2025-03-01 22:00:00,16.0,21.9,nublado,6.24749,-75.56432
SEN04,Autopista Norte,Troncal,2025-03-12 16:00:00,19.0,23.1,soleado,6.28726,-75.56519
SEN04,Autopista Norte,Troncal,2025-03-11 04:00:00,17.0,23.0,soleado,6.2868,-75.56496
SEN02,Av. 33,Arteria,2025-03-13 06:00:00,37.0,23.3,lluvioso,6.21447,-75.57402
SEN05,Av. Oriental,Arteria,2025-03-15 08:00:00,36.0,24.3,soleado,6.24688,-75.56471
SEN06,Circular 4ta,Local,2025-03-10 22:00:00,20.0,26.1,soleado,6.2446,-75.5846
SEN04,Autopista Norte,Troncal,2025-03-02 08:00:00,37.0,27.6,nublado,6.28643,-75.56403
SEN04,Autopista Norte,Troncal,2025-03-09 20:00:00,13.0,25.3,soleado,6.28662,-75.5652
SEN02,Av. 33,Arteria,2025-03-15 10:00:00,22.0,24.8,soleado,6.21492,-75.57426
SEN02,Av. 33,Arteria,2025-03-20 18:00:00,41.0,23.1,lluvioso,6.21427,-75.57249
SEN02,Av. 33,Arteria,2025-03-07 10:00:00,19.0,23.5,lluvioso,6.21358,-75.57267
SEN01,Av. Regional,Troncal,2025-03-14 22:00:00,20.0,23.3,soleado,6.23149,-75.59112
SEN05,Av. Oriental,Arteria,2025-03-13 08:00:00,38.0,24.1,soleado,6.24712,-75.56421
SEN06,Circular 4ta,Local,2025-03-17 18:00:00,39.0,23.8,soleado,6.24451,-75.58483
SEN03,Calle 10,Local,2025-03-04 20:00:00,19.0,26.0,soleado,6.20903,-75.57178
SEN06,Circular 4ta,Local,2025-03-04 12:00:00,4.0,21.2,nublado,6.24434,-75.58409
SEN04,Autopista Norte,Troncal,2025-03-07 18:00:00,39.0,17.9,soleado,6.28622,-75.56418
SEN04,Autopista Norte,Troncal,2025-03-14 04:00:00,20.0,22.8,nublado,6.28641,-75.56522
SEN02,Av. 33,Arteria,2025-03-13 18:00:00,34.0,28.4,nublado,6.21509,-75.57276
SEN04,Autopista Norte,Troncal,2025-03-20 18:00:00,19.0,24.0,soleado,6.28621,-75.5649
SEN03,Calle 10,Local,2025-03-11 18:00:00,48.0,22.7,soleado,6.20971,-75.57172
SEN06,Circular 4ta,Local,2025-03-07 12:00:00,23.0,20.6,soleado,6.24464,-75.58468
SEN03,Calle 10,Local,2025-03-11 20:00:00,12.0,21.9,soleado,6.2091,-75.57039
SEN01,Av. Regional,Troncal,2025-03-17 12:00:00,15.0,25.1,soleado,6.23097,-75.58992
SEN04,Autopista Norte,Troncal,2025-03-08 00:00:00,20.0,23.2,nublado,6.28573,-75.56541
SEN03,Calle 10,Local,2025-03-01 12:00:00,9.0,23.2,nublado,6.20834,-75.57148
SEN05,Av. Oriental,Arteria,2025-03-20 08:00:00,41.0,19.8,soleado,6.24687,-75.56474
SEN04,Autopista Norte,Troncal,2025-03-17 16:00:00,36.0,21.4,soleado,6.2857,-75.56495
SEN04,Autopista Norte,Troncal,2025-03-06 16:00:00,44.0,24.4,soleado,6.28581,-75.56445
SEN04,Autopista Norte,Troncal,2025-03-01 02:00:00,0.0,24.1,nublado,6.28567,-75.56402
SEN04,Autopista Norte,Troncal,2025-03-16 08:00:00,43.0,18.8,soleado,6.28666,-75.56549
SEN01,Av. Regional,Troncal,2025-03-10 12:00:00,19.0,22.9,soleado,6.23106,-75.59019
SEN01,Av. Regional,Troncal,2025-03-17 00:00:00,9.0,20.9,lluvioso,6.23045,-75.58962
SEN01,Av. Regional,Troncal,2025-03-15 08:00:00,30.0,24.8,soleado,6.23091,-75.59112
SEN06,Circular 4ta,Local,2025-03-14 08:00:00,33.0,19.9,soleado,6.24505,-75.58464
SEN06,Circular 4ta,Local,2025-03-19 06:00:00,44.0,24.2,nublado,6.24524,-75.58442
SEN02,Av. 33,Arteria,2025-03-06 20:00:00,19.0,26.1,nublado,6.21444,-75.57326
SEN02,Av. 33,Arteria,2025-03-01 08:00:00,49.0,28.8,soleado,6.2137,-75.57377
SEN02,Av. 33,Arteria,2025-03-19 18:00:00,43.0,26.3,soleado,6.21408,-75.57292
SEN03,Calle 10,Local,2025-03-15 12:00:00,4.0,23.2,soleado,6.20917,-75.57198
SEN04,Autopista Norte,Troncal,2025-03-18 00:00:00,19.0,19.4,nublado,6.28607,-75.56584
SEN04,Autopista Norte,Troncal,2025-03-18 06:00:00,37.0,28.3,soleado,6.28656,-75.56593
SEN02,Av. 33,Arteria,2025-03-01 04:00:00,13.0,25.5,nublado,6.2139,-75.57435
SEN04,Autopista Norte,Troncal,2025-03-03 20:00:00,24.0,24.9,soleado,6.28722,-75.56417
SEN02,Av. 33,Arteria,2025-03-16 12:00:00,21.0,23.1,soleado,6.21483,-75.57321
SEN01,Av. Regional,Troncal,2025-03-09 14:00:00,14.0,18.9,soleado,6.23077,-75.58964
SEN01,Av. Regional,Troncal,2025-03-19 04:00:00,19.0,22.8,nublado,6.22985,-75.59141
SEN05,Av. Oriental,Arteria,2025-03-10 16:00:00,39.0,16.4,nublado,6.24766,-75.56599
SEN02,Av. 33,Arteria,2025-03-10 20:00:00,19.0,23.4,soleado,6.21523,-75.57333
SEN01,Av. Regional,Troncal,2025-03-07 20:00:00,19.0,19.0,soleado,6.23038,-75.59116
SEN06,Circular 4ta,Local,2025-03-13 00:00:00,18.0,22.7,lluvioso,6.24585,-75.58547
SEN03,Calle 10,Local,2025-03-06 04:00:00,9.0,25.3,soleado,6.20843,-75.57044
SEN03,Calle 10,Local,2025-03-14 20:00:00,13.0,22.1,soleado,6.20867,-75.57132
SEN03,Calle 10,Local,2025-03-07 04:00:00,22.0,23.4,soleado,6.20895,-75.57136
SEN04,Autopista Norte,Troncal,2025-03-18 10:00:00,23.0,23.5,nublado,6.28627,-75.56578
SEN05,Av. Oriental,Arteria,2025-03-11 22:00:00,8.0,23.7,soleado,6.24773,-75.5659
SEN03,Calle 10,Local,2025-03-15 16:00:00,43.0,20.1,soleado,6.20977,-75.57144
SEN02,Av. 33,Arteria,2025-03-08 08:00:00,35.0,25.7,soleado,6.21416,-75.57365
SEN03,Calle 10,Local,2025-03-08 18:00:00,44.0,19.2,soleado,6.20921,-75.57194
SEN06,Circular 4ta,Local,2025-03-13 10:00:00,14.0,22.1,soleado,6.24512,-75.58526
SEN02,Av. 33,Arteria,2025-03-10 22:00:00,18.0,23.1,soleado,6.21384,-75.57324
SEN02,Av. 33,Arteria,2025-03-03 20:00:00,17.0,21.1,lluvioso,6.21359,-75.57274
SEN02,Av. 33,Arteria,2025-03-02 04:00:00,11.0,21.5,soleado,6.21358,-75.57253
SEN03,Calle 10,Local,2025-03-05 00:00:00,16.0,25.9,soleado,6.20974,-75.57004
SEN03,Calle 10,Local,2025-03-08 08:00:00,42.0,24.2,lluvioso,6.20853,-75.57078
SEN01,Av. Regional,Troncal,2025-03-03 18:00:00,36.0,25.4,nublado,6.23145,-75.59027
SEN06,Circular 4ta,Local,2025-03-13 16:00:00,45.0,25.3,soleado,6.24471,-75.58555
SEN02,Av. 33,Arteria,2025-03-04 14:00:00,11.0,24.3,nublado,6.21383,-75.57417
SEN06,Circular 4ta,Local,2025-03-07 20:00:00,7.0,17.2,nublado,6.24539,-75.5852
SEN04,Autopista Norte,Troncal,2025-03-01 06:00:00,47.0,23.2,lluvioso,6.28674,-75.56505
SEN02,Av. 33,Arteria,2025-03-02 18:00:00,38.0,23.1,nublado,6.21394,-75.57383
SEN04,Autopista Norte,Troncal,2025-03-20 10:00:00,16.0,28.7,lluvioso,6.28742,-75.56463
SEN01,Av. Regional,Troncal,2025-03-11 16:00:00,36.0,25.0,soleado,6.23152,-75.59117
SEN06,Circular 4ta,Local,2025-03-01 02:00:00,7.0,21.9,soleado,6.24522,-75.58403
SEN01,Av. Regional,Troncal,2025-03-11 18:00:00,36.0,26.3,soleado,6.23059,-75.59055
SEN04,Autopista Norte,Troncal,2025-03-07 14:00:00,24.0,25.3,soleado,6.28616,-75.56539
SEN03,Calle 10,Local,2025-03-08 20:00:00,15.0,16.2,nublado,6.21005,-75.57029
SEN06,Circular 4ta,Local,2025-03-11 12:00:00,20.0,16.8,lluvioso,6.24586,-75.58487
SEN01,Av. Regional,Troncal,2025-03-14 08:00:00,36.0,24.5,soleado,6.2308,-75.59125
SEN06,Circular 4ta,Local,2025-03-19 22:00:00,22.0,18.7,lluvioso,6.24522,-75.58599
SEN02,Av. 33,Arteria,2025-03-16 16:00:00,52.0,27.3,soleado,6.21383,-75.57277
SEN01,Av. Regional,Troncal,2025-03-13 08:00:00,32.0,20.7,soleado,6.2299,-75.59044
SEN05,Av. Oriental,Arteria,2025-03-17 20:00:00,13.0,20.7,soleado,6.24777,-75.56507
SEN06,Circular 4ta,Local,2025-03-03 08:00:00,34.0,23.1,lluvioso,6.24526,-75.58597
SEN04,Autopista Norte,Troncal,2025-03-02 00:00:00,20.0,24.7,soleado,6.28637,-75.56476
SEN02,Av. 33,Arteria,2025-03-15 06:00:00,50.0,25.2,soleado,6.21383,-75.57248
SEN02,Av. 33,Arteria,2025-03-18 00:00:00,16.0,22.9,nublado,6.21415,-75.57413
SEN03,Calle 10,Local,2025-03-01 08:00:00,35.0,21.1,soleado,6.20891,-75.57095
SEN06,Circular 4ta,Local,2025-03-08 20:00:00,10.0,28.2,lluvioso,6.24475,-75.58452
SEN04,Autopista Norte,Troncal,2025-03-10 06:00:00,19.0,25.5,soleado,6.28585,-75.56563
SEN04,Autopista Norte,Troncal,2025-03-19 18:00:00,41.0,23.1,soleado,6.28715,-75.56561
SEN05,Av. Oriental,Arteria,2025-03-10 14:00:00,17.0,23.1,lluvioso,6.24691,-75.56428
SEN06,Circular 4ta,Local,2025-03-10 14:00:00,10.0,24.7,soleado,6.24487,-75.58498
SEN06,Circular 4ta,Local,2025-03-02 06:00:00,19.0,25.1,nublado,6.24451,-75.58466
SEN05,Av. Oriental,Arteria,2025-03-10 18:00:00,41.0,22.0,nublado,6.24702,-75.56402
SEN04,Autopista Norte,Troncal,2025-03-11 20:00:00,9.0,26.9,lluvioso,6.28641,-75.56542
SEN01,Av. Regional,Troncal,2025-03-11 08:00:00,28.0,22.3,soleado,6.23003,-75.5902
SEN02,Av. 33,Arteria,2025-03-08 02:00:00,20.0,18.8,nublado,6.21453,-75.5724
SEN04,Autopista Norte,Troncal,2025-03-20 02:00:00,10.0,23.1,soleado,6.2867,-75.56476
SEN01,Av. Regional,Troncal,2025-03-01 04:00:00,9.0,23.8,soleado,6.23109,-75.5906
SEN04,Autopista Norte,Troncal,2025-03-09 16:00:00,36.0,27.5,soleado,6.28559,-75.56404
SEN02,Av. 33,Arteria,2025-03-12 14:00:00,15.0,21.4,nublado,6.21419,-75.5725
SEN01,Av. Regional,Troncal,2025-03-04 16:00:00,41.0,20.9,soleado,6.22985,-75.59028
SEN04,Autopista Norte,Troncal,2025-03-08 02:00:00,19.0,16.3,soleado,6.28563,-75.56446
SEN01,Av. Regional,Troncal,2025-03-08 14:00:00,16.0,19.3,soleado,6.23116,-75.58983
SEN01,Av. Regional,Troncal,2025-03-10 06:00:00,34.0,23.7,lluvioso,6.23147,-75.59087
SEN02,Av. 33,Arteria,2025-03-20 12:00:00,17.0,26.7,nublado,6.21368,-75.5743
SEN01,Av. Regional,Troncal,2025-03-18 14:00:00,8.0,28.2,lluvioso,6.23174,-75.59045
SEN04,Autopista Norte,Troncal,2025-03-11 22:00:00,13.0,22.7,soleado,6.28687,-75.56535
SEN02,Av. 33,Arteria,2025-03-09 04:00:00,8.0,22.1,soleado,6.21352,-75.57395
SEN06,Circular 4ta,Local,2025-03-09 16:00:00,38.0,19.6,soleado,6.24578,-75.5843
SEN04,Autopista Norte,Troncal,2025-03-17 12:00:00,11.0,22.3,soleado,6.28712,-75.56599
SEN05,Av. Oriental,Arteria,2025-03-19 20:00:00,4.0,22.7,soleado,6.24787,-75.56593
SEN01,Av. Regional,Troncal,2025-03-11 14:00:00,28.0,25.5,nublado,6.23124,-75.59151
SEN02,Av. 33,Arteria,2025-03-19 20:00:00,22.0,16.3,soleado,6.21359,-75.5735
SEN04,Autopista Norte,Troncal,2025-03-07 16:00:00,49.0,23.2,nublado,6.28644,-75.56418
SEN06,Circular 4ta,Local,2025-03-07 06:00:00,34.0,22.6,soleado,6.24506,-75.58517
SEN03,Calle 10,Local,2025-03-09 04:00:00,12.0,20.9,nublado,6.20881,-75.57191
SEN02,Av. 33,Arteria,2025-03-08 00:00:00,19.0,21.6,lluvioso,6.21439,-75.57299
SEN01,Av. Regional,Troncal,2025-03-17 02:00:00,11.0,23.1,soleado,6.23097,-75.59147
SEN03,Calle 10,Local,2025-03-15 02:00:00,15.0,26.5,nublado,6.20978,-75.57044
SEN06,Circular 4ta,Local,2025-03-04 20:00:00,20.0,23.5,nublado,6.24523,-75.58479
SEN05,Av. Oriental,Arteria,2025-03-07 18:00:00,19.0,21.2,nublado,6.24695,-75.56402
SEN06,Circular 4ta,Local,2025-03-04 18:00:00,39.0,19.4,lluvioso,6.24414,-75.58402
SEN06,Circular 4ta,Local,2025-03-11 20:00:00,26.0,25.3,soleado,6.24505,-75.58471
SEN02,Av. 33,Arteria,2025-03-02 08:00:00,36.0,26.0,soleado,6.21384,-75.57348
SEN04,Autopista Norte,Troncal,2025-03-15 22:00:00,14.0,24.1,soleado,6.28679,-75.56407
SEN05,Av. Oriental,Arteria,2025-03-06 10:00:00,20.0,19.4,soleado,6.24653,-75.56434
SEN06,Circular 4ta,Local,2025-03-01 20:00:00,23.0,23.2,nublado,6.24526,-75.58436
SEN06,Circular 4ta,Local,2025-03-03 06:00:00,39.0,17.4,soleado,6.24483,-75.58428
SEN03,Calle 10,Local,2025-03-20 14:00:00,10.0,23.1,lluvioso,6.21007,-75.57153
SEN04,Autopista Norte,Troncal,2025-03-19 20:00:00,12.0,23.9,nublado,6.28619,-75.56403
SEN03,Calle 10,Local,2025-03-18 20:00:00,17.0,29.4,lluvioso,6.20949,-75.57054
SEN03,Calle 10,Local,2025-03-03 04:00:00,10.0,27.6,nublado,6.20979,-75.57153
SEN01,Av. Regional,Troncal,2025-03-01 12:00:00,25.0,23.6,soleado,6.22999,-75.59141
SEN03,Calle 10,Local,2025-03-16 22:00:00,14.0,21.3,soleado,6.20965,-75.57113
SEN01,Av. Regional,Troncal,2025-03-04 12:00:00,16.0,17.2,nublado,6.2305,-75.59072
SEN01,Av. Regional,Troncal,2025-03-17 14:00:00,0.0,21.2,nublado,6.23055,-75.5899
SEN02,Av. 33,Arteria,2025-03-09 06:00:00,53.0,22.3,soleado,6.21429,-75.5729
SEN03,Calle 10,Local,2025-03-13 12:00:00,7.0,24.6,soleado,6.20964,-75.57066
SEN05,Av. Oriental,Arteria,2025-03-16 16:00:00,43.0,28.5,soleado,6.24614,-75.56491
SEN04,Autopista Norte,Troncal,2025-03-18 02:00:00,18.0,26.2,soleado,6.28626,-75.5652
SEN01,Av. Regional,Troncal,2025-03-02 06:00:00,35.0,22.7,nublado,6.23007,-75.59047
SEN02,Av. 33,Arteria,2025-03-13 14:00:00,15.0,16.1,soleado,6.21526,-75.57266
SEN05,Av. Oriental,Arteria,2025-03-12 18:00:00,45.0,21.5,soleado,6.2479,-75.56548
SEN05,Av. Oriental,Arteria,2025-03-13 12:00:00,21.0,17.1,soleado,6.24626,-75.56578
SEN01,Av. Regional,Troncal,2025-03-16 06:00:00,41.0,21.1,nublado,6.22993,-75.59065
SEN01,Av. Regional,Troncal,2025-03-12 18:00:00,41.0,18.0,soleado,6.23083,-75.58993
SEN04,Autopista Norte,Troncal,2025-03-20 12:00:00,16.0,23.4,nublado,6.28555,-75.56501
SEN01,Av. Regional,Troncal,2025-03-08 12:00:00,28.0,25.9,soleado,6.23143,-75.59018
SEN04,Autopista Norte,Troncal,2025-03-18 08:00:00,19.0,21.7,soleado,6.28649,-75.56521
SEN02,Av. 33,Arteria,2025-03-14 18:00:00,42.0,25.8,soleado,6.21377,-75.5739
SEN06,Circular 4ta,Local,2025-03-07 16:00:00,34.0,26.8,lluvioso,6.24488,-75.58454
SEN02,Av. 33,Arteria,2025-03-09 08:00:00,47.0,23.4,soleado,6.21531,-75.57358
SEN04,Autopista Norte,Troncal,2025-03-16 02:00:00,9.0,25.5,nublado,6.28596,-75.56561
SEN01,Av. Regional,Troncal,2025-03-07 14:00:00,16.0,24.3,nublado,6.23174,-75.59083
SEN01,Av. Regional,Troncal,2025-03-05 02:00:00,10.0,25.1,soleado,6.2301,-75.59109
SEN01,Av. Regional,Troncal,2025-03-15 12:00:00,13.0,25.1,soleado,6.23171,-75.58975
SEN05,Av. Oriental,Arteria,2025-03-15 10:00:00,19.0,22.0,soleado,6.24655,-75.56412
SEN04,Autopista Norte,Troncal,2025-03-19 14:00:00,19.0,23.6,soleado,6.28573,-75.56409
SEN02,Av. 33,Arteria,2025-03-04 06:00:00,40.0,20.5,soleado,6.21468,-75.57364
SEN01,Av. Regional,Troncal,2025-03-04 18:00:00,50.0,23.3,soleado,6.23122,-75.59123
SEN05,Av. Oriental,Arteria,2025-03-04 02:00:00,16.0,23.9,nublado,6.24721,-75.56508
SEN06,Circular 4ta,Local,2025-03-17 02:00:00,6.0,23.2,soleado,6.24507,-75.58422
SEN05,Av. Oriental,Arteria,2025-03-14 00:00:00,17.0,24.3,nublado,6.24739,-75.56524
SEN01,Av. Regional,Troncal,2025-03-20 10:00:00,17.0,22.0,lluvioso,6.23002,-75.58985
SEN05,Av. Oriental,Arteria,2025-03-14 22:00:00,12.0,19.8,lluvioso,6.24674,-75.56485
SEN06,Circular 4ta,Local,2025-03-20 12:00:00,14.0,21.6,soleado,6.24488,-75.58427
SEN01,Av. Regional,Troncal,2025-03-10 20:00:00,12.0,24.5,soleado,6.23063,-75.59119
SEN03,Calle 10,Local,2025-03-08 14:00:00,17.0,23.5,nublado,6.20891,-75.57073
SEN05,Av. Oriental,Arteria,2025-03-04 16:00:00,46.0,23.1,soleado,6.24628,-75.56456
SEN05,Av. Oriental,Arteria,2025-03-01 06:00:00,42.0,20.7,lluvioso,6.24747,-75.56518
SEN02,Av. 33,Arteria,2025-03-19 04:00:00,5.0,29.3,nublado,6.2138,-75.57384
SEN06,Circular 4ta,Local,2025-03-20 02:00:00,19.0,27.3,soleado,6.24551,-75.58491
SEN01,Av. Regional,Troncal,2025-03-02 12:00:00,23.0,20.3,soleado,6.23026,-75.58975
SEN06,Circular 4ta,Local,2025-03-13 18:00:00,39.0,23.1,soleado,6.24411,-75.58483
SEN06,Circular 4ta,Local,2025-03-05 16:00:00,43.0,25.9,soleado,6.24411,-75.58455
SEN04,Autopista Norte,Troncal,2025-03-11 00:00:00,11.0,24.3,nublado,6.28674,-75.56519
SEN05,Av. Oriental,Arteria,2025-03-10 00:00:00,13.0,21.1,nublado,6.24687,-75.56598
SEN06,Circular 4ta,Local,2025-03-05 20:00:00,13.0,22.9,nublado,6.24595,-75.5843
SEN03,Calle 10,Local,2025-03-17 08:00:00,32.0,23.1,lluvioso,6.20865,-75.57002
SEN04,Autopista Norte,Troncal,2025-03-06 08:00:00,42.0,22.4,soleado,6.28722,-75.5645
SEN04,Autopista Norte,Troncal,2025-03-05 02:00:00,15.0,21.4,lluvioso,6.28641,-75.56478
SEN03,Calle 10,Local,2025-03-05 14:00:00,16.0,21.7,nublado,6.20884,-75.57028
SEN03,Calle 10,Local,2025-03-07 00:00:00,21.0,24.4,soleado,6.20889,-75.57122
SEN01,Av. Regional,Troncal,2025-03-02 08:00:00,37.0,23.1,soleado,6.2305,-75.59029
SEN06,Circular 4ta,Local,2025-03-11 10:00:00,20.0,20.5,soleado,6.24417,-75.58556
SEN03,Calle 10,Local,2025-03-14 16:00:00,38.0,21.8,soleado,6.21005,-75.57029
SEN06,Circular 4ta,Local,2025-03-03 16:00:00,19.0,25.4,soleado,6.24545,-75.58509
SEN04,Autopista Norte,Troncal,2025-03-03 14:00:00,19.0,22.1,soleado,6.28708,-75.56441
SEN01,Av. Regional,Troncal,2025-03-18 08:00:00,35.0,25.1,soleado,6.22994,-75.59027
SEN04,Autopista Norte,Troncal,2025-03-20 14:00:00,19.0,23.1,nublado,6.28572,-75.56479
SEN03,Calle 10,Local,2025-03-05 02:00:00,18.0,21.9,soleado,6.20838,-75.57035
SEN03,Calle 10,Local,2025-03-03 02:00:00,22.0,22.4,nublado,6.20987,-75.57042
SEN04,Autopista Norte,Troncal,2025-03-11 06:00:00,38.0,22.2,soleado,6.28566,-75.5659
SEN02,Av. 33,Arteria,2025-03-20 08:00:00,38.0,22.1,soleado,6.21479,-75.5739
SEN01,Av. Regional,Troncal,2025-03-01 00:00:00,19.0,25.3,soleado,6.23148,-75.58964
SEN06,Circular 4ta,Local,2025-03-01 06:00:00,19.0,23.8,soleado,6.24468,-75.58521
SEN02,Av. 33,Arteria,2025-03-18 04:00:00,16.0,26.7,nublado,6.21409,-75.57417
SEN02,Av. 33,Arteria,2025-03-02 12:00:00,15.0,22.7,soleado,6.21367,-75.57363
SEN05,Av. Oriental,Arteria,2025-03-18 02:00:00,8.0,21.2,soleado,6.24713,-75.56522
SEN06,Circular 4ta,Local,2025-03-06 22:00:00,19.0,25.4,nublado,6.2444,-75.58528
SEN04,Autopista Norte,Troncal,2025-03-15 18:00:00,44.0,17.9,lluvioso,6.28735,-75.56504
SEN06,Circular 4ta,Local,2025-03-12 04:00:00,13.0,23.0,soleado,6.2459,-75.58419
SEN01,Av. Regional,Troncal,2025-03-13 14:00:00,14.0,21.7,soleado,6.23119,-75.59059
SEN05,Av. Oriental,Arteria,2025-03-18 20:00:00,19.0,23.1,soleado,6.24623,-75.56443
SEN04,Autopista Norte,Troncal,2025-03-09 08:00:00,33.0,24.3,nublado,6.28613,-75.56579
SEN02,Av. 33,Arteria,2025-03-01 02:00:00,12.0,24.0,soleado,6.21394,-75.57416
SEN02,Av. 33,Arteria,2025-03-13 20:00:00,15.0,20.8,soleado,6.21435,-75.5728
SEN05,Av. Oriental,Arteria,2025-03-12 16:00:00,39.0,21.2,soleado,6.2465,-75.56552
SEN05,Av. Oriental,Arteria,2025-03-01 08:00:00,38.0,30.1,nublado,6.24676,-75.56525
SEN01,Av. Regional,Troncal,2025-03-14 16:00:00,41.0,24.9,soleado,6.23089,-75.59022
SEN01,Av. Regional,Troncal,2025-03-14 06:00:00,34.0,24.0,soleado,6.23052,-75.59093
SEN01,Av. Regional,Troncal,2025-03-07 04:00:00,22.0,24.2,nublado,6.23124,-75.58973
SEN06,Circular 4ta,Local,2025-03-16 14:00:00,13.0,22.0,soleado,6.24405,-75.58411
SEN05,Av. Oriental,Arteria,2025-03-03 04:00:00,19.0,23.1,nublado,6.24761,-75.56569
SEN05,Av. Oriental,Arteria,2025-03-09 20:00:00,8.0,22.2,soleado,6.24621,-75.56507
SEN04,Autopista Norte,Troncal,2025-03-16 10:00:00,19.0,24.6,nublado,6.28736,-75.56575
SEN06,Circular 4ta,Local,2025-03-09 22:00:00,17.0,25.3,soleado,6.24402,-75.58529
SEN04,Autopista Norte,Troncal,2025-03-04 06:00:00,19.0,17.9,nublado,6.28707,-75.56523
SEN06,Circular 4ta,Local,2025-03-19 16:00:00,40.0,21.0,soleado,6.24496,-75.58545
SEN06,Circular 4ta,Local,2025-03-04 14:00:00,0.0,25.1,nublado,6.24459,-75.5851
SEN03,Calle 10,Local,2025-03-01 20:00:00,13.0,19.5,soleado,6.20996,-75.57035
SEN03,Calle 10,Local,2025-03-13 18:00:00,37.0,24.6,soleado,6.21004,-75.5718
SEN02,Av. 33,Arteria,2025-03-02 20:00:00,14.0,27.4,soleado,6.21376,-75.57427
SEN02,Av. 33,Arteria,2025-03-10 12:00:00,20.0,26.3,soleado,6.21405,-75.57414
SEN04,Autopista Norte,Troncal,2025-03-07 06:00:00,40.0,27.8,soleado,6.28723,-75.56406
SEN06,Circular 4ta,Local,2025-03-02 22:00:00,15.0,22.1,soleado,6.24597,-75.58509
SEN04,Autopista Norte,Troncal,2025-03-08 08:00:00,28.0,24.0,lluvioso,6.28655,-75.56478
SEN06,Circular 4ta,Local,2025-03-10 12:00:00,10.0,26.9,soleado,6.2448,-75.58595
SEN03,Calle 10,Local,2025-03-15 04:00:00,9.0,26.6,soleado,6.20865,-75.57046
SEN04,Autopista Norte,Troncal,2025-03-18 12:00:00,16.0,22.3,nublado,6.28729,-75.56563
SEN05,Av. Oriental,Arteria,2025-03-04 00:00:00,12.0,20.8,lluvioso,6.24796,-75.56536
SEN05,Av. Oriental,Arteria,2025-03-04 14:00:00,11.0,27.0,lluvioso,6.24717,-75.56591
SEN04,Autopista Norte,Troncal,2025-03-13 10:00:00,13.0,24.0,soleado,6.2875,-75.56457
SEN05,Av. Oriental,Arteria,2025-03-04 08:00:00,40.0,24.7,soleado,6.24774,-75.56511
SEN05,Av. Oriental,Arteria,2025-03-19 12:00:00,21.0,21.1,nublado,6.24787,-75.56478
SEN01,Av. Regional,Troncal,2025-03-05 08:00:00,33.0,22.2,soleado,6.23114,-75.59004
SEN03,Calle 10,Local,2025-03-05 04:00:00,14.0,25.0,lluvioso,6.2085,-75.57094
SEN05,Av. Oriental,Arteria,2025-03-02 12:00:00,19.0,22.7,soleado,6.24754,-75.56434
SEN06,Circular 4ta,Local,2025-03-02 00:00:00,11.0,24.1,lluvioso,6.24563,-75.58545
SEN06,Circular 4ta,Local,2025-03-15 04:00:00,8.0,24.7,soleado,6.24545,-75.58518
SEN02,Av. 33,Arteria,2025-03-11 16:00:00,35.0,20.4,soleado,6.21354,-75.5729
SEN02,Av. 33,Arteria,2025-03-03 02:00:00,19.0,22.3,soleado,6.21507,-75.57439
SEN01,Av. Regional,Troncal,2025-03-05 06:00:00,45.0,22.3,soleado,6.23026,-75.59152
SEN06,Circular 4ta,Local,2025-03-07 10:00:00,16.0,26.1,nublado,6.24443,-75.58539
SEN03,Calle 10,Local,2025-03-17 04:00:00,10.0,23.7,lluvioso,6.21001,-75.57138
SEN03,Calle 10,Local,2025-03-04 04:00:00,19.0,22.7,soleado,6.20832,-75.57054
SEN03,Calle 10,Local,2025-03-03 22:00:00,8.0,23.1,soleado,6.20945,-75.57058
SEN06,Circular 4ta,Local,2025-03-03 20:00:00,15.0,19.9,soleado,6.2458,-75.58508
SEN02,Av. 33,Arteria,2025-03-18 06:00:00,44.0,20.9,nublado,6.21388,-75.57361
SEN02,Av. 33,Arteria,2025-03-08 10:00:00,15.0,22.6,nublado,6.21382,-75.57341
SEN02,Av. 33,Arteria,2025-03-17 02:00:00,0.0,25.6,soleado,6.21386,-75.57332
SEN05,Av. Oriental,Arteria,2025-03-17 06:00:00,19.0,26.2,soleado,6.24737,-75.56436
SEN01,Av. Regional,Troncal,2025-03-01 10:00:00,25.0,21.8,nublado,6.23136,-75.59033
SEN04,Autopista Norte,Troncal,2025-03-20 00:00:00,31.0,20.8,lluvioso,6.28555,-75.5645
SEN05,Av. Oriental,Arteria,2025-03-20 04:00:00,12.0,28.2,soleado,6.24753,-75.56556
SEN01,Av. Regional,Troncal,2025-03-03 14:00:00,16.0,23.0,nublado,6.23068,-75.58981
SEN03,Calle 10,Local,2025-03-06 22:00:00,1.0,23.1,lluvioso,6.20933,-75.57083
SEN03,Calle 10,Local,2025-03-16 02:00:00,13.0,18.6,nublado,6.20849,-75.57102
SEN02,Av. 33,Arteria,2025-03-12 18:00:00,33.0,23.5,nublado,6.21528,-75.5726
SEN05,Av. Oriental,Arteria,2025-03-01 12:00:00,19.0,26.4,lluvioso,6.24713,-75.56501
SEN06,Circular 4ta,Local,2025-03-05 12:00:00,16.0,20.2,nublado,6.24511,-75.58511
SEN02,Av. 33,Arteria,2025-03-11 20:00:00,8.0,26.5,lluvioso,6.21487,-75.57243
SEN03,Calle 10,Local,2025-03-04 02:00:00,25.0,23.7,nublado,6.20959,-75.57014
SEN04,Autopista Norte,Troncal,2025-03-11 12:00:00,19.0,23.3,soleado,6.28654,-75.56455
SEN06,Circular 4ta,Local,2025-03-16 04:00:00,13.0,21.3,soleado,6.24474,-75.58493
SEN01,Av. Regional,Troncal,2025-03-03 10:00:00,11.0,22.0,nublado,6.23,-75.59031
SEN06,Circular 4ta,Local,2025-03-04 00:00:00,11.0,23.1,lluvioso,6.24526,-75.5843
SEN05,Av. Oriental,Arteria,2025-03-19 14:00:00,9.0,22.5,lluvioso,6.24648,-75.56463
SEN02,Av. 33,Arteria,2025-03-09 02:00:00,24.0,25.3,soleado,6.21528,-75.57315
SEN01,Av. Regional,Troncal,2025-03-10 00:00:00,18.0,28.1,nublado,6.23091,-75.59001
SEN01,Av. Regional,Troncal,2025-03-02 00:00:00,19.0,27.3,lluvioso,6.23094,-75.59144
SEN03,Calle 10,Local,2025-04-03 18:00:00,34.0,24.4,soleado,6.20939,-75.5708
SEN06,Circular 4ta,Local,2025-03-05 10:00:00,24.0,19.6,nublado,6.24535,-75.58469
SEN04,Autopista Norte,Troncal,2025-03-05 04:00:00,10.0,25.3,soleado,6.28647,-75.56467
SEN04,Autopista Norte,Troncal,2025-03-18 16:00:00,45.0,18.1,soleado,6.28564,-75.56404
SEN05,Av. Oriental,Arteria,2025-03-20 20:00:00,4.0,23.1,soleado,6.24787,-75.56587
SEN05,Av. Oriental,Arteria,2025-03-18 10:00:00,11.0,20.6,nublado,6.2478,-75.56474
SEN02,Av. 33,Arteria,2025-03-17 06:00:00,38.0,22.1,soleado,6.21458,-75.57404
SEN02,Av. 33,Arteria,2025-03-09 12:00:00,22.0,23.5,nublado,6.21397,-75.57399
SEN04,Autopista Norte,Troncal,2025-03-19 08:00:00,42.0,26.0,lluvioso,6.28591,-75.56491
SEN01,Av. Regional,Troncal,2025-03-17 22:00:00,10.0,24.9,soleado,6.2313,-75.59001
SEN04,Autopista Norte,Troncal,2025-03-13 18:00:00,42.0,26.6,soleado,6.28613,-75.56556
SEN01,Av. Regional,Troncal,2025-03-12 22:00:00,16.0,21.3,soleado,6.23141,-75.59056
SEN01,Av. Regional,Troncal,2025-03-16 14:00:00,16.0,18.8,nublado,6.23001,-75.59106
SEN03,Calle 10,Local,2025-03-13 02:00:00,10.0,31.8,soleado,6.20962,-75.57113
SEN03,Calle 10,Local,2025-03-09 08:00:00,19.0,23.1,soleado,6.20835,-75.57128
SEN04,Autopista Norte,Troncal,2025-03-15 02:00:00,19.0,23.1,nublado,6.28739,-75.5649
SEN06,Circular 4ta,Local,2025-03-09 06:00:00,39.0,21.8,soleado,6.24446,-75.58499
SEN01,Av. Regional,Troncal,2025-03-05 18:00:00,46.0,19.1,soleado,6.23087,-75.5901
SEN05,Av. Oriental,Arteria,2025-03-03 02:00:00,8.0,23.4,nublado,6.24781,-75.56426
SEN05,Av. Oriental,Arteria,2025-03-06 14:00:00,22.0,23.1,soleado,6.24698,-75.56466
SEN04,Autopista Norte,Troncal,2025-03-14 08:00:00,19.0,24.8,lluvioso,6.28699,-75.56579
SEN01,Av. Regional,Troncal,2025-03-02 22:00:00,13.0,25.3,soleado,6.23173,-75.5897
SEN04,Autopista Norte,Troncal,2025-03-10 04:00:00,13.0,22.2,nublado,6.28651,-75.56445
SEN01,Av. Regional,Troncal,2025-03-20 18:00:00,32.0,23.1,soleado,6.23101,-75.59152
SEN02,Av. 33,Arteria,2025-03-02 02:00:00,17.0,30.1,nublado,6.21466,-75.573
SEN05,Av. Oriental,Arteria,2025-03-05 10:00:00,13.0,21.0,soleado,6.24745,-75.56478
SEN01,Av. Regional,Troncal,2025-03-15 00:00:00,14.0,22.7,lluvioso,6.23162,-75.59097
SEN01,Av. Regional,Troncal,2025-03-11 22:00:00,18.0,19.8,nublado,6.23149,-75.5897
SEN05,Av. Oriental,Arteria,2025-03-20 16:00:00,51.0,23.1,soleado,6.24725,-75.56444
SEN05,Av. Oriental,Arteria,2025-03-17 12:00:00,21.0,24.5,soleado,6.24669,-75.56446
SEN06,Circular 4ta,Local,2025-03-17 12:00:00,19.0,23.1,lluvioso,6.24574,-75.58423
SEN03,Calle 10,Local,2025-03-10 04:00:00,7.0,24.9,lluvioso,6.20884,-75.57064
SEN06,Circular 4ta,Local,2025-03-03 14:00:00,19.0,21.2,lluvioso,6.24497,-75.58487
SEN03,Calle 10,Local,2025-03-15 20:00:00,20.0,24.6,soleado,6.20887,-75.57194
SEN01,Av. Regional,Troncal,2025-03-19 08:00:00,40.0,27.1,nublado,6.2301,-75.59044
SEN01,Av. Regional,Troncal,2025-03-10 04:00:00,19.0,24.9,nublado,6.23125,-75.59132
SEN05,Av. Oriental,Arteria,2025-03-18 14:00:00,21.0,27.5,lluvioso,6.24686,-75.56523
SEN01,Av. Regional,Troncal,2025-03-19 02:00:00,11.0,22.6,soleado,6.23169,-75.59041
SEN05,Av. Oriental,Arteria,2025-03-15 22:00:00,14.0,23.1,soleado,6.24655,-75.56586
SEN04,Autopista Norte,Troncal,2025-03-01 12:00:00,3.0,23.1,soleado,6.28659,-75.56497
SEN05,Av. Oriental,Arteria,2025-06-03 02:00:00,23.0,26.3,nublado,6.2461,-75.5654
SEN02,Av. 33,Arteria,2025-03-06 00:00:00,10.0,22.4,soleado,6.215,-75.57339
SEN02,Av. 33,Arteria,2025-03-14 20:00:00,14.0,23.1,nublado,6.21365,-75.57274
SEN03,Calle 10,Local,2025-03-02 14:00:00,23.0,30.1,lluvioso,6.20935,-75.57189
SEN04,Autopista Norte,Troncal,2025-03-04 04:00:00,12.0,22.8,soleado,6.28697,-75.56583
SEN01,Av. Regional,Troncal,2025-03-04 20:00:00,16.0,16.8,nublado,6.23124,-75.59111
SEN01,Av. Regional,Troncal,2025-03-19 10:00:00,5.0,23.0,nublado,6.23021,-75.59116
SEN05,Av. Oriental,Arteria,2025-03-01 20:00:00,12.0,24.2,nublado,6.24779,-75.56579
SEN06,Circular 4ta,Local,2025-03-15 20:00:00,10.0,23.7,soleado,6.2457,-75.58519
SEN03,Calle 10,Local,2025-03-12 18:00:00,40.0,20.6,soleado,6.21028,-75.57083
SEN01,Av. Regional,Troncal,2025-03-05 04:00:00,19.0,22.3,lluvioso,6.23117,-75.59015
SEN06,Circular 4ta,Local,2025-03-02 08:00:00,45.0,22.8,lluvioso,6.24455,-75.58568
SEN03,Calle 10,Local,2025-03-10 02:00:00,11.0,21.8,nublado,6.20872,-75.57021
SEN04,Autopista Norte,Troncal,2025-03-07 00:00:00,12.0,19.8,nublado,6.28685,-75.5652
SEN01,Av. Regional,Troncal,2025-03-18 20:00:00,22.0,25.7,nublado,6.23162,-75.59022
SEN04,Autopista Norte,Troncal,2025-03-04 00:00:00,14.0,16.8,soleado,6.28658,-75.56484
SEN06,Circular 4ta,Local,2025-03-08 10:00:00,3.0,29.1,soleado,6.24515,-75.58578
SEN01,Av. Regional,Troncal,2025-03-14 18:00:00,43.0,29.0,soleado,6.23004,-75.59066
SEN04,Autopista Norte,Troncal,2025-03-20 06:00:00,42.0,24.8,lluvioso,6.28617,-75.56545
SEN03,Calle 10,Local,2025-03-01 22:00:00,25.0,16.6,nublado,6.20926,-75.57148
SEN05,Av. Oriental,Arteria,2025-03-08 06:00:00,41.0,23.9,soleado,6.24783,-75.56594
SEN04,Autopista Norte,Troncal,2025-03-19 00:00:00,20.0,19.3,soleado,6.28554,-75.56519
SEN03,Calle 10,Local,2025-03-12 04:00:00,20.0,23.1,nublado,6.20863,-75.57041
SEN05,Av. Oriental,Arteria,2025-03-20 18:00:00,35.0,25.7,nublado,6.24795,-75.56578
SEN05,Av. Oriental,Arteria,2025-03-05 04:00:00,9.0,16.9,soleado,6.24679,-75.56582
SEN01,Av. Regional,Troncal,2025-03-04 10:00:00,18.0,27.6,soleado,6.23095,-75.59112
SEN02,Av. 33,Arteria,2025-03-18 18:00:00,39.0,23.2,nublado,6.21516,-75.57366
SEN03,Calle 10,Local,2025-03-06 10:00:00,22.0,19.1,soleado,6.20864,-75.57041
SEN04,Autopista Norte,Troncal,2025-03-16 14:00:00,18.0,18.6,lluvioso,6.28733,-75.56521
SEN04,Autopista Norte,Troncal,2025-03-01 20:00:00,7.0,23.1,nublado,6.28578,-75.56401
SEN01,Av. Regional,Troncal,2025-03-19 16:00:00,19.0,22.8,soleado,6.23172,-75.59008
SEN03,Calle 10,Local,2025-03-02 12:00:00,12.0,21.1,lluvioso,6.20966,-75.57108
SEN06,Circular 4ta,Local,2025-03-09 10:00:00,11.0,20.1,soleado,6.24467,-75.58458
SEN03,Calle 10,Local,2025-03-09 14:00:00,19.0,23.7,lluvioso,6.20922,-75.57111
SEN01,Av. Regional,Troncal,2025-03-20 02:00:00,10.0,17.2,soleado,6.2304,-75.58983
SEN02,Av. 33,Arteria,2025-03-09 14:00:00,13.0,25.0,soleado,6.21372,-75.57288
SEN01,Av. Regional,Troncal,2025-03-06 00:00:00,14.0,19.3,soleado,6.23104,-75.58967
SEN06,Circular 4ta,Local,2025-03-19 10:00:00,9.0,24.6,soleado,6.24561,-75.58437
SEN05,Av. Oriental,Arteria,2025-03-05 02:00:00,22.0,24.3,soleado,6.24717,-75.56409
SEN04,Autopista Norte,Troncal,2025-03-11 14:00:00,9.0,18.4,lluvioso,6.2866,-75.56501
SEN06,Circular 4ta,Local,2025-03-18 18:00:00,46.0,21.4,nublado,6.24443,-75.58476
SEN04,Autopista Norte,Troncal,2025-03-15 14:00:00,19.0,20.8,nublado,6.28565,-75.56481
SEN04,Autopista Norte,Troncal,2025-03-14 20:00:00,11.0,18.7,nublado,6.28688,-75.56527
SEN01,Av. Regional,Troncal,2025-03-18 04:00:00,9.0,24.7,nublado,6.23106,-75.59069
SEN03,Calle 10,Local,2025-03-13 04:00:00,12.0,23.4,lluvioso,6.20912,-75.57014
SEN01,Av. Regional,Troncal,2025-03-07 08:00:00,40.0,26.3,nublado,6.2302,-75.59092
SEN04,Autopista Norte,Troncal,2025-03-09 12:00:00,16.0,21.6,soleado,6.28567,-75.56572
SEN02,Av. 33,Arteria,2025-03-17 10:00:00,18.0,22.4,lluvioso,6.21541,-75.57317
SEN01,Av. Regional,Troncal,2025-03-14 02:00:00,14.0,24.3,soleado,6.23138,-75.59087
SEN01,Av. Regional,Troncal,2025-03-07 22:00:00,19.0,22.6,soleado,6.23118,-75.58998
SEN03,Calle 10,Local,2025-03-07 06:00:00,47.0,23.6,soleado,6.20974,-75.57081
SEN06,Circular 4ta,Local,2025-03-07 18:00:00,19.0,23.9,soleado,6.24452,-75.58413
SEN03,Calle 10,Local,2025-03-19 04:00:00,15.0,22.3,lluvioso,6.20903,-75.5718
SEN02,Av. 33,Arteria,2025-03-02 22:00:00,20.0,27.2,soleado,6.21396,-75.57419
SEN06,Circular 4ta,Local,2025-03-15 08:00:00,36.0,28.4,soleado,6.24475,-75.58517
SEN03,Calle 10,Local,2025-03-05 06:00:00,38.0,26.4,nublado,6.20963,-75.57025
SEN02,Av. 33,Arteria,2025-03-07 22:00:00,23.0,23.7,nublado,6.21392,-75.57367
SEN05,Av. Oriental,Arteria,2025-03-15 20:00:00,24.0,24.2,soleado,6.24677,-75.5659
SEN04,Autopista Norte,Troncal,2025-03-16 16:00:00,38.0,21.5,soleado,6.28653,-75.56577
SEN01,Av. Regional,Troncal,2025-03-10 14:00:00,19.0,23.1,soleado,6.23029,-75.5899
SEN02,Av. 33,Arteria,2025-03-06 12:00:00,11.0,22.5,lluvioso,6.21441,-75.57384
SEN05,Av. Oriental,Arteria,2025-03-05 16:00:00,39.0,24.5,soleado,6.24781,-75.5647
SEN03,Calle 10,Local,2025-03-20 00:00:00,22.0,20.3,soleado,6.20967,-75.57033
SEN04,Autopista Norte,Troncal,2025-03-17 00:00:00,21.0,26.3,nublado,6.2858,-75.56408
SEN04,Autopista Norte,Troncal,2025-03-07 22:00:00,19.0,19.8,soleado,6.28651,-75.56453
SEN05,Av. Oriental,Arteria,2025-03-12 20:00:00,8.0,22.3,nublado,6.24783,-75.56425
SEN06,Circular 4ta,Local,2025-03-17 00:00:00,19.0,20.7,soleado,6.24588,-75.58413
SEN02,Av. 33,Arteria,2025-03-04 02:00:00,19.0,19.3,nublado,6.21475,-75.57287
SEN06,Circular 4ta,Local,2025-03-17 04:00:00,17.0,23.3,lluvioso,6.24569,-75.58404
SEN04,Autopista Norte,Troncal,2025-03-17 04:00:00,17.0,18.9,soleado,6.28644,-75.56402
SEN06,Circular 4ta,Local,2025-03-12 20:00:00,17.0,24.3,lluvioso,6.24412,-75.58485
SEN01,Av. Regional,Troncal,2025-03-05 12:00:00,29.0,22.6,lluvioso,6.23149,-75.59035
SEN04,Autopista Norte,Troncal,2025-03-19 06:00:00,47.0,24.7,lluvioso,6.28603,-75.56508
SEN05,Av. Oriental,Arteria,2025-03-18 06:00:00,19.0,22.7,soleado,6.24704,-75.56447
SEN01,Av. Regional,Troncal,2025-03-17 16:00:00,19.0,22.7,soleado,6.23134,-75.59072
SEN02,Av. 33,Arteria,2025-03-16 20:00:00,24.0,21.6,nublado,6.21467,-75.5738
SEN03,Calle 10,Local,2025-03-03 12:00:00,10.0,27.2,soleado,6.20868,-75.57192
SEN05,Av. Oriental,Arteria,2025-03-11 20:00:00,15.0,26.2,soleado,6.24636,-75.56517
SEN04,Autopista Norte,Troncal,2025-03-19 12:00:00,19.0,21.6,soleado,6.28554,-75.56518
SEN04,Autopista Norte,Troncal,2025-03-13 00:00:00,19.0,25.0,soleado,6.28654,-75.56423
SEN06,Circular 4ta,Local,2025-03-16 10:00:00,11.0,25.5,nublado,6.24579,-75.5842
SEN01,Av. Regional,Troncal,2025-03-17 04:00:00,13.0,29.6,soleado,6.23001,-75.59159
SEN01,Av. Regional,Troncal,2025-03-05 14:00:00,7.0,22.5,soleado,6.23105,-75.59127
SEN01,Av. Regional,Troncal,2025-03-16 08:00:00,46.0,24.1,lluvioso,6.23073,-75.58995
SEN05,Av. Oriental,Arteria,2025-03-16 18:00:00,43.0,26.5,nublado,6.24734,-75.56456
SEN04,Autopista Norte,Troncal,2025-03-02 14:00:00,9.0,21.6,nublado,6.28717,-75.56425
SEN03,Calle 10,Local,2025-03-01 04:00:00,19.0,27.7,nublado,6.20895,-75.57175
SEN06,Circular 4ta,Local,2025-03-11 16:00:00,48.0,24.8,nublado,6.24516,-75.58563
SEN02,Av. 33,Arteria,2025-03-05 12:00:00,22.0,23.3,nublado,6.21368,-75.57412
SEN06,Circular 4ta,Local,2025-03-12 12:00:00,17.0,17.5,nublado,6.24411,-75.58447
SEN04,Autopista Norte,Troncal,2025-03-06 06:00:00,40.0,20.7,soleado,6.28572,-75.56517
SEN02,Av. 33,Arteria,2025-03-02 16:00:00,44.0,26.1,lluvioso,6.21509,-75.57382
SEN02,Av. 33,Arteria,2025-03-17 22:00:00,11.0,26.3,soleado,6.21375,-75.5731
SEN06,Circular 4ta,Local,2025-03-09 00:00:00,21.0,24.0,nublado,6.24572,-75.58553
SEN06,Circular 4ta,Local,2025-03-07 14:00:00,23.0,23.6,lluvioso,6.24414,-75.58569
SEN06,Circular 4ta,Local,2025-03-14 16:00:00,47.0,21.2,soleado,6.24439,-75.58554
SEN05,Av. Oriental,Arteria,2025-03-16 04:00:00,6.0,26.2,nublado,6.24728,-75.56438
SEN02,Av. 33,Arteria,2025-04-03 18:00:00,43.0,23.8,soleado,6.21483,-75.57354
SEN06,Circular 4ta,Local,2025-03-11 00:00:00,18.0,23.1,nublado,6.24526,-75.58512
SEN03,Calle 10,Local,2025-03-17 10:00:00,23.0,25.3,nublado,6.20961,-75.57155
SEN03,Calle 10,Local,2025-03-09 12:00:00,15.0,19.8,nublado,6.2096,-75.57189
SEN06,Circular 4ta,Local,2025-03-12 00:00:00,14.0,23.1,soleado,6.24538,-75.58554
SEN03,Calle 10,Local,2025-03-15 14:00:00,10.0,26.2,soleado,6.20902,-75.57096
SEN05,Av. Oriental,Arteria,2025-03-16 02:00:00,14.0,26.6,soleado,6.24653,-75.56512
SEN05,Av. Oriental,Arteria,2025-03-19 16:00:00,31.0,23.1,soleado,6.24716,-75.56565
SEN02,Av. 33,Arteria,2025-03-06 18:00:00,36.0,22.4,nublado,6.21386,-75.57423
SEN03,Calle 10,Local,2025-03-09 18:00:00,41.0,18.5,nublado,6.20987,-75.57079
SEN03,Calle 10,Local,2025-03-03 06:00:00,33.0,25.5,nublado,6.20883,-75.57084
SEN05,Av. Oriental,Arteria,2025-03-04 12:00:00,13.0,29.0,nublado,6.24755,-75.56471
SEN01,Av. Regional,Troncal,2025-03-04 02:00:00,14.0,22.5,soleado,6.23154,-75.59068
SEN06,Circular 4ta,Local,2025-03-03 04:00:00,14.0,27.8,nublado,6.24402,-75.5848
SEN02,Av. 33,Arteria,2025-03-07 18:00:00,45.0,15.8,soleado,6.21532,-75.57329
SEN02,Av. 33,Arteria,2025-03-04 12:00:00,11.0,24.8,soleado,6.21356,-75.57311
SEN01,Av. Regional,Troncal,2025-03-02 04:00:00,12.0,21.3,soleado,6.22981,-75.58974
SEN02,Av. 33,Arteria,2025-03-11 14:00:00,11.0,22.1,soleado,6.2136,-75.57426
SEN06,Circular 4ta,Local,2025-03-06 14:00:00,17.0,22.8,soleado,6.2442,-75.58448
SEN03,Calle 10,Local,2025-03-19 20:00:00,17.0,23.3,soleado,6.20923,-75.57025
SEN06,Circular 4ta,Local,2025-03-16 02:00:00,7.0,24.9,nublado,6.24504,-75.58454
SEN05,Av. Oriental,Arteria,2025-03-20 06:00:00,48.0,23.1,soleado,6.24788,-75.56493
SEN06,Circular 4ta,Local,2025-03-09 18:00:00,31.0,21.2,nublado,6.2457,-75.58534
SEN05,Av. Oriental,Arteria,2025-03-18 18:00:00,32.0,17.9,soleado,6.24642,-75.56468
SEN05,Av. Oriental,Arteria,2025-03-13 22:00:00,11.0,23.9,soleado,6.24673,-75.56569
SEN03,Calle 10,Local,2025-03-17 00:00:00,19.0,24.1,nublado,6.21003,-75.57142
SEN05,Av. Oriental,Arteria,2025-03-16 06:00:00,39.0,22.3,lluvioso,6.24677,-75.56403
SEN02,Av. 33,Arteria,2025-03-07 04:00:00,16.0,21.3,soleado,6.21434,-75.57436
SEN06,Circular 4ta,Local,2025-03-09 02:00:00,21.0,25.3,soleado,6.24514,-75.58497
SEN04,Autopista Norte,Troncal,2025-03-15 16:00:00,41.0,30.1,nublado,6.28741,-75.56473
SEN05,Av. Oriental,Arteria,2025-03-13 10:00:00,3.0,20.3,soleado,6.24661,-75.5652
SEN01,Av. Regional,Troncal,2025-03-01 16:00:00,51.0,21.5,soleado,6.23153,-75.59112
SEN01,Av. Regional,Troncal,2025-03-16 02:00:00,3.0,21.8,nublado,6.23011,-75.59131
SEN02,Av. 33,Arteria,2025-03-11 00:00:00,14.0,20.4,soleado,6.21365,-75.57359
SEN01,Av. Regional,Troncal,2025-03-19 12:00:00,12.0,28.5,soleado,6.23149,-75.58983
SEN03,Calle 10,Local,2025-03-07 02:00:00,15.0,24.8,nublado,6.20847,-75.57166
SEN02,Av. 33,Arteria,2025-03-17 16:00:00,41.0,24.1,nublado,6.21377,-75.57427
SEN06,Circular 4ta,Local,2025-03-01 10:00:00,16.0,25.3,soleado,6.24421,-75.585
SEN03,Calle 10,Local,2025-03-03 14:00:00,9.0,21.9,soleado,6.21029,-75.57132
SEN02,Av. 33,Arteria,2025-03-12 16:00:00,19.0,21.9,soleado,6.21365,-75.57248
SEN03,Calle 10,Local,2025-03-18 08:00:00,29.0,23.7,soleado,6.20961,-75.5702
SEN01,Av. Regional,Troncal,2025-03-20 04:00:00,19.0,25.4,lluvioso,6.23094,-75.59014
SEN01,Av. Regional,Troncal,2025-03-10 08:00:00,42.0,27.1,soleado,6.2303,-75.58971
SEN05,Av. Oriental,Arteria,2025-03-08 12:00:00,19.0,22.1,soleado,6.24723,-75.5656
SEN05,Av. Oriental,Arteria,2025-03-02 20:00:00,8.0,24.0,soleado,6.24783,-75.5653
SEN05,Av. Oriental,Arteria,2025-03-13 20:00:00,14.0,22.5,nublado,6.24781,-75.5641
SEN04,Autopista Norte,Troncal,2025-03-05 18:00:00,48.0,23.1,soleado,6.28579,-75.56498
SEN01,Av. Regional,Troncal,2025-03-13 18:00:00,37.0,20.8,soleado,6.23115,-75.59121
SEN03,Calle 10,Local,2025-03-01 14:00:00,24.0,26.8,soleado,6.20987,-75.57104
SEN01,Av. Regional,Troncal,2025-03-11 04:00:00,8.0,23.9,soleado,6.23108,-75.59002
SEN05,Av. Oriental,Arteria,2025-03-06 18:00:00,19.0,25.2,lluvioso,6.24689,-75.56576
SEN05,Av. Oriental,Arteria,2025-03-13 16:00:00,38.0,23.5,nublado,6.24783,-75.56432
SEN03,Calle 10,Local,2025-03-12 00:00:00,13.0,25.4,soleado,6.20927,-75.57115
SEN03,Calle 10,Local,2025-03-17 16:00:00,19.0,26.3,nublado,6.21018,-75.57026
SEN01,Av. Regional,Troncal,2025-03-08 22:00:00,19.0,25.0,nublado,6.23019,-75.58997
SEN04,Autopista Norte,Troncal,2025-03-09 04:00:00,8.0,19.5,lluvioso,6.28706,-75.56533
SEN06,Circular 4ta,Local,2025-03-18 14:00:00,26.0,22.2,lluvioso,6.2442,-75.58576
SEN05,Av. Oriental,Arteria,2025-03-06 20:00:00,30.0,24.5,nublado,6.24603,-75.56489
SEN04,Autopista Norte,Troncal,2025-03-10 16:00:00,46.0,26.6,soleado,6.28626,-75.56435
SEN03,Calle 10,Local,2025-03-17 12:00:00,24.0,20.3,soleado,6.20877,-75.57024
SEN01,Av. Regional,Troncal,2025-03-13 00:00:00,11.0,24.3,lluvioso,6.23004,-75.59029
SEN02,Av. 33,Arteria,2025-03-13 00:00:00,5.0,23.3,soleado,6.21436,-75.57368
SEN04,Autopista Norte,Troncal,2025-03-08 16:00:00,19.0,23.5,lluvioso,6.28716,-75.56566
SEN03,Calle 10,Local,2025-03-16 20:00:00,19.0,19.4,nublado,6.20986,-75.57055
SEN02,Av. 33,Arteria,2025-03-09 20:00:00,12.0,22.4,soleado,6.21388,-75.57247
SEN02,Av. 33,Arteria,2025-03-08 14:00:00,20.0,21.7,nublado,6.21547,-75.57422
SEN04,Autopista Norte,Troncal,2025-03-15 06:00:00,41.0,21.2,soleado,6.28701,-75.56499
SEN03,Calle 10,Local,2025-03-16 12:00:00,16.0,23.6,nublado,6.20988,-75.57036
SEN03,Calle 10,Local,2025-03-14 00:00:00,19.0,27.1,nublado,6.20901,-75.57055
SEN05,Av. Oriental,Arteria,2025-03-05 18:00:00,42.0,22.4,soleado,6.24753,-75.56575
SEN02,Av. 33,Arteria,2025-03-01 14:00:00,11.0,20.9,nublado,6.21484,-75.57398
SEN06,Circular 4ta,Local,2025-03-03 10:00:00,9.0,18.6,lluvioso,6.24486,-75.58562
SEN06,Circular 4ta,Local,2025-03-11 08:00:00,48.0,23.1,nublado,6.24572,-75.58447
SEN05,Av. Oriental,Arteria,2025-03-16 20:00:00,12.0,23.6,soleado,6.24689,-75.56568
SEN02,Av. 33,Arteria,2025-03-16 04:00:00,20.0,16.7,soleado,6.21372,-75.5731
SEN06,Circular 4ta,Local,2025-03-03 12:00:00,19.0,22.5,soleado,6.24568,-75.58489
SEN01,Av. Regional,Troncal,2025-03-17 06:00:00,19.0,21.2,lluvioso,6.23005,-75.59149
SEN04,Autopista Norte,Troncal,2025-03-14 16:00:00,37.0,26.0,soleado,6.28581,-75.56462
SEN06,Circular 4ta,Local,2025-03-02 12:00:00,16.0,20.1,nublado,6.24414,-75.5848
SEN05,Av. Oriental,Arteria,2025-03-02 22:00:00,8.0,22.3,soleado,6.24779,-75.56517
SEN01,Av. Regional,Troncal,2025-03-15 20:00:00,10.0,18.7,soleado,6.23042,-75.59113
SEN04,Autopista Norte,Troncal,2025-03-05 10:00:00,19.0,23.0,nublado,6.28696,-75.56402
SEN02,Av. 33,Arteria,2025-03-11 22:00:00,18.0,20.5,soleado,6.21405,-75.57301
SEN01,Av. Regional,Troncal,2025-03-18 12:00:00,18.0,25.7,nublado,6.23013,-75.58976
SEN04,Autopista Norte,Troncal,2025-03-02 20:00:00,19.0,25.7,lluvioso,6.2856,-75.56412
SEN01,Av. Regional,Troncal,2025-03-12 20:00:00,19.0,20.3,soleado,6.23076,-75.59048
SEN02,Av. 33,Arteria,2025-03-08 22:00:00,11.0,27.2,soleado,6.21494,-75.57404
SEN05,Av. Oriental,Arteria,2025-03-08 02:00:00,17.0,22.4,soleado,6.24799,-75.56535
SEN03,Calle 10,Local,2025-03-20 22:00:00,19.0,24.7,soleado,6.2099,-75.57166
SEN04,Autopista Norte,Troncal,2025-03-10 12:00:00,12.0,24.7,lluvioso,6.28652,-75.56506
SEN06,Circular 4ta,Local,2025-03-14 00:00:00,17.0,19.8,nublado,6.24435,-75.58428
SEN01,Av. Regional,Troncal,2025-03-06 02:00:00,13.0,23.0,soleado,6.23079,-75.5898
SEN04,Autopista Norte,Troncal,2025-03-18 20:00:00,18.0,19.9,nublado,6.2867,-75.56417
SEN01,Av. Regional,Troncal,2025-03-18 02:00:00,7.0,21.5,soleado,6.23023,-75.59079
SEN03,Calle 10,Local,2025-03-08 06:00:00,48.0,19.8,soleado,6.20938,-75.57149
SEN05,Av. Oriental,Arteria,2025-03-16 14:00:00,10.0,19.2,soleado,6.2478,-75.56529
SEN01,Av. Regional,Troncal,2025-03-18 00:00:00,12.0,25.6,lluvioso,6.23179,-75.59138
SEN06,Circular 4ta,Local,2025-03-12 22:00:00,15.0,28.5,nublado,6.24539,-75.58457
SEN06,Circular 4ta,Local,2025-03-20 14:00:00,13.0,30.4,soleado,6.24468,-75.58589
SEN05,Av. Oriental,Arteria,2025-03-07 20:00:00,8.0,25.1,soleado,6.24696,-75.56449
SEN06,Circular 4ta,Local,2025-03-16 20:00:00,23.0,20.3,nublado,6.24531,-75.58435
SEN06,Circular 4ta,Local,2025-03-18 12:00:00,19.0,23.9,soleado,6.24431,-75.58546
SEN01,Av. Regional,Troncal,2025-03-09 02:00:00,14.0,24.9,nublado,6.23057,-75.59041
SEN06,Circular 4ta,Local,2025-03-11 18:00:00,19.0,27.0,nublado,6.24435,-75.58417
SEN02,Av. 33,Arteria,2025-03-19 16:00:00,34.0,24.3,soleado,6.21475,-75.57291
SEN02,Av. 33,Arteria,2025-03-01 00:00:00,17.0,23.6,lluvioso,6.21534,-75.57374
SEN02,Av. 33,Arteria,2025-03-16 00:00:00,5.0,23.2,soleado,6.2154,-75.57384
SEN01,Av. Regional,Troncal,2025-03-03 00:00:00,11.0,24.7,soleado,6.23098,-75.59033
SEN03,Calle 10,Local,2025-03-02 00:00:00,19.0,22.9,nublado,6.21027,-75.57134
SEN03,Calle 10,Local,2025-03-14 10:00:00,18.0,24.7,soleado,6.20938,-75.57161
SEN05,Av. Oriental,Arteria,2025-03-19 04:00:00,17.0,26.3,soleado,6.24655,-75.56547
SEN06,Circular 4ta,Local,2025-03-02 10:00:00,12.0,20.8,soleado,6.24471,-75.58411
SEN04,Autopista Norte,Troncal,2025-03-20 04:00:00,11.0,17.6,soleado,6.28697,-75.56597
SEN04,Autopista Norte,Troncal,2025-03-10 00:00:00,18.0,27.9,soleado,6.28715,-75.56452
SEN02,Av. 33,Arteria,2025-03-15 02:00:00,13.0,18.7,lluvioso,6.21383,-75.57417
SEN06,Circular 4ta,Local,2025-03-08 00:00:00,22.0,21.2,soleado,6.24507,-75.58517
SEN06,Circular 4ta,Local,2025-03-16 16:00:00,43.0,22.2,soleado,6.24543,-75.58538
SEN06,Circular 4ta,Local,2025-03-15 22:00:00,5.0,20.4,soleado,6.24582,-75.58552
SEN05,Av. Oriental,Arteria,2025-03-17 10:00:00,18.0,18.7,nublado,6.24785,-75.56481
SEN06,Circular 4ta,Local,2025-03-17 10:00:00,27.0,26.7,lluvioso,6.24511,-75.58586
SEN03,Calle 10,Local,2025-03-15 08:00:00,42.0,20.6,lluvioso,6.20855,-75.57016
SEN05,Av. Oriental,Arteria,2025-03-06 12:00:00,11.0,27.5,lluvioso,6.2475,-75.56449
SEN06,Circular 4ta,Local,2025-03-14 20:00:00,20.0,23.0,lluvioso,6.24575,-75.58464
SEN03,Calle 10,Local,2025-03-13 14:00:00,7.0,24.0,soleado,6.20848,-75.57176
SEN05,Av. Oriental,Arteria,2025-03-05 12:00:00,13.0,20.3,nublado,6.24718,-75.564
SEN01,Av. Regional,Troncal,2025-03-14 14:00:00,4.0,27.5,soleado,6.23072,-75.5899
SEN02,Av. 33,Arteria,2025-03-09 18:00:00,46.0,24.5,soleado,6.21462,-75.57322
SEN06,Circular 4ta,Local,2025-03-20 08:00:00,42.0,17.2,nublado,6.24481,-75.5855
SEN05,Av. Oriental,Arteria,2025-03-12 08:00:00,19.0,22.9,nublado,6.24786,-75.56575
SEN05,Av. Oriental,Arteria,2025-03-05 08:00:00,40.0,23.7,soleado,6.24655,-75.56405
SEN04,Autopista Norte,Troncal,2025-03-19 10:00:00,22.0,23.7,soleado,6.28724,-75.56544
SEN01,Av. Regional,Troncal,2025-03-13 20:00:00,18.0,21.4,soleado,6.23166,-75.58961
SEN06,Circular 4ta,Local,2025-03-20 10:00:00,19.0,21.4,nublado,6.24416,-75.58411
SEN04,Autopista Norte,Troncal,2025-03-01 00:00:00,13.0,28.8,nublado,6.28576,-75.56487
SEN05,Av. Oriental,Arteria,2025-03-14 14:00:00,9.0,22.3,soleado,6.24739,-75.56505
SEN04,Autopista Norte,Troncal,2025-03-08 04:00:00,18.0,15.3,soleado,6.28666,-75.56576
SEN06,Circular 4ta,Local,2025-03-15 02:00:00,9.0,23.8,nublado,6.24543,-75.58561
SEN01,Av. Regional,Troncal,2025-03-11 12:00:00,16.0,22.6,nublado,6.2316,-75.5904
SEN02,Av. 33,Arteria,2025-03-17 20:00:00,6.0,23.1,nublado,6.21539,-75.57294
SEN02,Av. 33,Arteria,2025-03-16 02:00:00,14.0,23.3,soleado,6.21516,-75.57387
SEN04,Autopista Norte,Troncal,2025-03-11 02:00:00,19.0,24.8,soleado,6.28592,-75.56516
SEN06,Circular 4ta,Local,2025-03-20 00:00:00,9.0,27.6,soleado,6.24439,-75.58464
SEN06,Circular 4ta,Local,2025-03-02 14:00:00,12.0,17.3,soleado,6.2458,-75.58522
SEN02,Av. 33,Arteria,2025-03-20 16:00:00,43.0,25.4,nublado,6.21466,-75.5736
SEN04,Autopista Norte,Troncal,2025-03-02 10:00:00,5.0,23.1,soleado,6.28717,-75.56439
SEN03,Calle 10,Local,2025-03-10 10:00:00,17.0,23.4,soleado,6.20926,-75.57018
SEN03,Calle 10,Local,2025-03-10 06:00:00,28.0,15.7,nublado,6.20967,-75.57017
SEN01,Av. Regional,Troncal,2025-03-04 00:00:00,19.0,21.0,soleado,6.23069,-75.59115
SEN03,Calle 10,Local,2025-03-20 08:00:00,28.0,15.6,soleado,6.20948,-75.5701
SEN03,Calle 10,Local,2025-03-18 12:00:00,9.0,21.3,nublado,6.20841,-75.57183
SEN01,Av. Regional,Troncal,2025-03-13 22:00:00,19.0,22.5,lluvioso,6.23,-75.59058
SEN04,Autopista Norte,Troncal,2025-03-18 14:00:00,15.0,23.1,soleado,6.28641,-75.56548
SEN04,Autopista Norte,Troncal,2025-03-16 00:00:00,14.0,25.4,nublado,6.28584,-75.56589
SEN02,Av. 33,Arteria,2025-03-01 10:00:00,20.0,22.8,soleado,6.21439,-75.57378
SEN01,Av. Regional,Troncal,2025-03-07 12:00:00,19.0,21.9,soleado,6.23172,-75.59116
SEN05,Av. Oriental,Arteria,2025-03-08 04:00:00,3.0,23.3,nublado,6.24638,-75.5647
SEN01,Av. Regional,Troncal,2025-03-18 22:00:00,21.0,21.9,nublado,6.23148,-75.59061
SEN05,Av. Oriental,Arteria,2025-03-16 10:00:00,11.0,22.4,lluvioso,6.24784,-75.56516
SEN02,Av. 33,Arteria,2025-03-12 04:00:00,22.0,21.3,nublado,6.21368,-75.5728
SEN02,Av. 33,Arteria,2025-03-14 12:00:00,8.0,23.1,nublado,6.21465,-75.57342
SEN01,Av. Regional,Troncal,2025-03-17 08:00:00,36.0,25.7,soleado,6.23059,-75.59071
SEN02,Av. 33,Arteria,2025-03-13 08:00:00,37.0,25.8,soleado,6.21439,-75.57377
SEN04,Autopista Norte,Troncal,2025-03-17 10:00:00,6.0,21.3,nublado,6.28644,-75.56593
SEN04,Autopista Norte,Troncal,2025-03-05 22:00:00,4.0,22.2,soleado,6.28655,-75.56583
SEN01,Av. Regional,Troncal,2025-03-15 18:00:00,41.0,21.9,soleado,6.2301,-75.59024
SEN02,Av. 33,Arteria,2025-03-12 10:00:00,18.0,18.5,soleado,6.21487,-75.5732
SEN05,Av. Oriental,Arteria,2025-03-03 16:00:00,34.0,23.0,nublado,6.24701,-75.56476
SEN03,Calle 10,Local,2025-03-06 06:00:00,32.0,24.7,soleado,6.20873,-75.57198
SEN01,Av. Regional,Troncal,2025-03-05 22:00:00,11.0,27.2,nublado,6.23149,-75.59151
SEN05,Av. Oriental,Arteria,2025-03-14 16:00:00,32.0,23.1,soleado,6.24657,-75.56495
SEN03,Calle 10,Local,2025-03-07 16:00:00,41.0,23.0,soleado,6.20898,-75.57094
SEN05,Av. Oriental,Arteria,2025-03-02 08:00:00,39.0,22.7,nublado,6.24612,-75.56406
SEN04,Autopista Norte,Troncal,2025-03-12 20:00:00,15.0,26.8,soleado,6.28717,-75.56498
SEN02,Av. 33,Arteria,2025-03-15 08:00:00,35.0,22.9,soleado,6.2146,-75.57326
SEN03,Calle 10,Local,2025-03-05 10:00:00,18.0,26.1,nublado,6.20916,-75.57096
SEN06,Circular 4ta,Local,2025-03-06 02:00:00,18.0,19.0,soleado,6.24473,-75.58414
SEN02,Av. 33,Arteria,2025-03-14 08:00:00,36.0,20.3,soleado,6.21516,-75.57419
SEN01,Av. Regional,Troncal,2025-03-14 10:00:00,19.0,27.5,soleado,6.23014,-75.59107
SEN01,Av. Regional,Troncal,2025-03-19 18:00:00,37.0,23.8,soleado,6.22989,-75.59075
SEN03,Calle 10,Local,2025-03-13 00:00:00,6.0,21.5,soleado,6.20991,-75.57136
SEN05,Av. Oriental,Arteria,2025-03-07 16:00:00,38.0,26.2,soleado,6.24723,-75.56575
SEN04,Autopista Norte,Troncal,2025-03-01 10:00:00,25.0,18.5,lluvioso,6.28664,-75.56519
SEN02,Av. 33,Arteria,2025-03-19 10:00:00,12.0,26.7,soleado,6.21387,-75.5736
SEN04,Autopista Norte,Troncal,2025-03-20 22:00:00,20.0,23.8,soleado,6.28646,-75.56496
SEN01,Av. Regional,Troncal,2025-03-09 04:00:00,25.0,21.6,soleado,6.23035,-75.59118
SEN01,Av. Regional,Troncal,2025-03-12 16:00:00,19.0,19.8,lluvioso,6.23178,-75.59074
SEN05,Av. Oriental,Arteria,2025-03-08 00:00:00,14.0,25.5,nublado,6.24773,-75.56459
SEN05,Av. Oriental,Arteria,2025-03-08 18:00:00,39.0,22.6,soleado,6.24621,-75.5658
SEN04,Autopista Norte,Troncal,2025-03-19 04:00:00,14.0,26.5,soleado,6.28639,-75.56571
SEN01,Av. Regional,Troncal,2025-03-16 00:00:00,19.0,22.9,nublado,6.22981,-75.59044
SEN04,Autopista Norte,Troncal,2025-03-08 20:00:00,14.0,20.6,soleado,6.28733,-75.56408
SEN04,Autopista Norte,Troncal,2025-03-13 22:00:00,21.0,24.7,soleado,6.28565,-75.56532
SEN05,Av. Oriental,Arteria,2025-03-04 20:00:00,7.0,23.4,nublado,6.24747,-75.56593
SEN04,Autopista Norte,Troncal,2025-03-03 04:00:00,19.0,24.9,soleado,6.28592,-75.56553
SEN06,Circular 4ta,Local,2025-03-16 22:00:00,2.0,17.9,soleado,6.24424,-75.58539
SEN04,Autopista Norte,Troncal,2025-03-15 20:00:00,14.0,24.9,nublado,6.28726,-75.56485
SEN03,Calle 10,Local,2025-03-10 16:00:00,45.0,20.0,soleado,6.20929,-75.57185
SEN05,Av. Oriental,Arteria,2025-03-07 04:00:00,5.0,20.4,soleado,6.24656,-75.56599
SEN01,Av. Regional,Troncal,2025-03-05 10:00:00,34.0,24.5,soleado,6.23045,-75.59142
SEN06,Circular 4ta,Local,2025-03-08 06:00:00,34.0,29.5,nublado,6.24538,-75.5848
SEN05,Av. Oriental,Arteria,2025-03-05 14:00:00,20.0,17.5,soleado,6.24687,-75.56558
SEN05,Av. Oriental,Arteria,2025-03-01 10:00:00,12.0,29.2,soleado,6.24605,-75.56477
SEN05,Av. Oriental,Arteria,2025-03-07 10:00:00,13.0,20.1,lluvioso,6.24677,-75.56452
SEN02,Av. 33,Arteria,2025-03-03 04:00:00,14.0,21.9,nublado,6.21405,-75.57406
SEN03,Calle 10,Local,2025-03-16 04:00:00,19.0,22.7,soleado,6.21013,-75.572
SEN02,Av. 33,Arteria,2025-03-08 06:00:00,45.0,21.4,nublado,6.2155,-75.57355
SEN04,Autopista Norte,Troncal,2025-03-15 10:00:00,13.0,23.3,lluvioso,6.28607,-75.56515
SEN04,Autopista Norte,Troncal,2025-03-08 18:00:00,37.0,21.0,nublado,6.28566,-75.56588
SEN03,Calle 10,Local,2025-03-13 06:00:00,40.0,14.7,soleado,6.20948,-75.57057
SEN05,Av. Oriental,Arteria,2025-03-03 22:00:00,27.0,26.9,soleado,6.24629,-75.5651
SEN02,Av. 33,Arteria,2025-03-02 06:00:00,45.0,25.3,nublado,6.21384,-75.5735
SEN06,Circular 4ta,Local,2025-03-06 16:00:00,45.0,24.3,soleado,6.24521,-75.58576
SEN01,Av. Regional,Troncal,2025-03-08 06:00:00,37.0,22.1,soleado,6.23051,-75.59028
SEN01,Av. Regional,Troncal,2025-03-04 04:00:00,8.0,19.0,soleado,6.23045,-75.59123
SEN05,Av. Oriental,Arteria,2025-03-03 06:00:00,24.0,23.2,soleado,6.2467,-75.56425
SEN06,Circular 4ta,Local,2025-03-14 22:00:00,17.0,27.3,lluvioso,6.24467,-75.58455
SEN02,Av. 33,Arteria,2025-03-07 20:00:00,19.0,17.6,soleado,6.21402,-75.57263
SEN03,Calle 10,Local,2025-03-13 20:00:00,12.0,23.3,soleado,6.20985,-75.57121
SEN02,Av. 33,Arteria,2025-03-04 08:00:00,41.0,26.3,nublado,6.21489,-75.57349
SEN05,Av. Oriental,Arteria,2025-03-04 04:00:00,8.0,23.1,nublado,6.24609,-75.56452
SEN06,Circular 4ta,Local,2025-03-02 16:00:00,27.0,23.1,soleado,6.24503,-75.58488
SEN01,Av. Regional,Troncal,2025-03-12 02:00:00,19.0,26.9,nublado,6.23144,-75.59029
SEN05,Av. Oriental,Arteria,2025-03-01 02:00:00,0.0,24.5,soleado,6.24688,-75.56598
SEN04,Autopista Norte,Troncal,2025-03-04 20:00:00,18.0,23.0,nublado,6.28585,-75.5658
SEN05,Av. Oriental,Arteria,2025-03-15 02:00:00,19.0,28.5,nublado,6.24615,-75.5647
SEN06,Circular 4ta,Local,2025-03-05 18:00:00,19.0,21.0,soleado,6.2443,-75.58517
SEN03,Calle 10,Local,2025-03-01 18:00:00,35.0,24.5,soleado,6.20997,-75.57171
SEN04,Autopista Norte,Troncal,2025-03-17 20:00:00,16.0,18.2,nublado,6.28588,-75.56402
SEN05,Av. Oriental,Arteria,2025-03-19 02:00:00,19.0,22.5,soleado,6.24697,-75.565
SEN03,Calle 10,Local,2025-03-20 16:00:00,43.0,23.6,soleado,6.20886,-75.57123
SEN02,Av. 33,Arteria,2025-03-13 04:00:00,10.0,22.7,soleado,6.2155,-75.57371
SEN05,Av. Oriental,Arteria,2025-03-11 02:00:00,13.0,18.2,soleado,6.24751,-75.56431
SEN03,Calle 10,Local,2025-03-15 06:00:00,43.0,27.4,soleado,6.20959,-75.57029
SEN01,Av. Regional,Troncal,2025-03-09 16:00:00,42.0,20.9,nublado,6.23079,-75.59137
SEN01,Av. Regional,Troncal,2025-03-07 00:00:00,9.0,26.5,soleado,6.22992,-75.5907
SEN02,Av. 33,Arteria,2025-03-19 02:00:00,23.0,29.6,soleado,6.21393,-75.57277
SEN03,Calle 10,Local,2025-03-18 06:00:00,40.0,20.1,soleado,6.20966,-75.57075
SEN03,Calle 10,Local,2025-03-19 14:00:00,4.0,20.7,soleado,6.20886,-75.57091
SEN05,Av. Oriental,Arteria,2025-03-16 22:00:00,21.0,20.5,nublado,6.24728,-75.56457
SEN06,Circular 4ta,Local,2025-03-12 10:00:00,17.0,24.0,nublado,6.24577,-75.58554
SEN02,Av. 33,Arteria,2025-03-04 04:00:00,10.0,22.1,lluvioso,6.21516,-75.57251
SEN01,Av. Regional,Troncal,2025-03-07 16:00:00,53.0,23.1,soleado,6.23077,-75.58991
SEN02,Av. 33,Arteria,2025-03-10 18:00:00,38.0,23.8,nublado,6.21484,-75.5732
SEN06,Circular 4ta,Local,2025-03-18 16:00:00,19.0,26.0,soleado,6.24441,-75.58589
SEN02,Av. 33,Arteria,2025-03-11 04:00:00,21.0,24.3,soleado,6.21426,-75.57371
SEN04,Autopista Norte,Troncal,2025-03-06 04:00:00,13.0,27.3,soleado,6.28686,-75.56438
SEN03,Calle 10,Local,2025-03-04 22:00:00,19.0,25.1,soleado,6.20989,-75.57047
SEN01,Av. Regional,Troncal,2025-03-16 18:00:00,39.0,22.4,soleado,6.23178,-75.59008
SEN02,Av. 33,Arteria,2025-03-07 00:00:00,12.0,22.4,nublado,6.21391,-75.574
SEN06,Circular 4ta,Local,2025-03-04 02:00:00,9.0,25.4,lluvioso,6.24556,-75.58451
SEN02,Av. 33,Arteria,2025-03-18 02:00:00,14.0,19.5,soleado,6.21508,-75.57318
SEN01,Av. Regional,Troncal,2025-03-12 08:00:00,40.0,21.1,soleado,6.22996,-75.59102
SEN02,Av. 33,Arteria,2025-03-05 02:00:00,19.0,20.6,nublado,6.21391,-75.57272
SEN02,Av. 33,Arteria,2025-03-16 06:00:00,39.0,21.7,nublado,6.21409,-75.57362
SEN02,Av. 33,Arteria,2025-03-19 12:00:00,17.0,21.6,soleado,6.21422,-75.57382
SEN03,Calle 10,Local,2025-03-06 18:00:00,29.0,23.3,lluvioso,6.20898,-75.57172
SEN03,Calle 10,Local,2025-03-19 02:00:00,23.0,20.2,nublado,6.20923,-75.57045
SEN05,Av. Oriental,Arteria,2025-03-12 04:00:00,19.0,19.3,nublado,6.24642,-75.56436
SEN05,Av. Oriental,Arteria,2025-03-18 00:00:00,11.0,26.2,soleado,6.24714,-75.56594
SEN04,Autopista Norte,Troncal,2025-03-07 20:00:00,10.0,23.3,nublado,6.28694,-75.56596
SEN03,Calle 10,Local,2025-03-15 00:00:00,11.0,21.4,soleado,6.2087,-75.57058
SEN04,Autopista Norte,Troncal,2025-03-14 18:00:00,33.0,18.6,lluvioso,6.2872,-75.5655
SEN05,Av. Oriental,Arteria,2025-03-09 18:00:00,37.0,25.0,soleado,6.24652,-75.56536
SEN01,Av. Regional,Troncal,2025-03-01 06:00:00,43.0,22.5,soleado,6.2314,-75.59091
SEN05,Av. Oriental,Arteria,2025-03-09 04:00:00,19.0,26.3,nublado,6.24659,-75.56568
SEN01,Av. Regional,Troncal,2025-03-20 14:00:00,18.0,24.7,lluvioso,6.23099,-75.5897
SEN02,Av. 33,Arteria,2025-03-09 22:00:00,12.0,16.1,nublado,6.21464,-75.57288
SEN06,Circular 4ta,Local,2025-03-14 14:00:00,19.0,21.6,lluvioso,6.24476,-75.58589
SEN05,Av. Oriental,Arteria,2025-03-17 04:00:00,20.0,25.8,lluvioso,6.24785,-75.56448
SEN03,Calle 10,Local,2025-03-18 22:00:00,18.0,16.6,soleado,6.20994,-75.57181
SEN03,Calle 10,Local,2025-03-09 22:00:00,18.0,25.9,nublado,6.20913,-75.57068
SEN06,Circular 4ta,Local,2025-03-20 18:00:00,29.0,25.6,nublado,6.24436,-75.5858
SEN04,Autopista Norte,Troncal,2025-03-17 14:00:00,12.0,22.4,nublado,6.28555,-75.56575
SEN02,Av. 33,Arteria,2025-03-03 14:00:00,12.0,25.1,lluvioso,6.21369,-75.57337
SEN03,Calle 10,Local,2025-03-14 06:00:00,37.0,28.0,soleado,6.20872,-75.57115
SEN05,Av. Oriental,Arteria,2025-03-18 12:00:00,6.0,23.0,soleado,6.24692,-75.56431
SEN05,Av. Oriental,Arteria,2025-03-18 22:00:00,6.0,20.4,lluvioso,6.24755,-75.56515
SEN03,Calle 10,Local,2025-03-15 18:00:00,43.0,25.5,nublado,6.2098,-75.57125
SEN06,Circular 4ta,Local,2025-03-08 22:00:00,25.0,24.4,soleado,6.24434,-75.58582
SEN05,Av. Oriental,Arteria,2025-03-04 22:00:00,14.0,22.0,soleado,6.24787,-75.56563
SEN03,Calle 10,Local,2025-03-05 22:00:00,16.0,23.8,nublado,6.20883,-75.57087
SEN02,Av. 33,Arteria,2025-03-11 06:00:00,43.0,20.4,soleado,6.21549,-75.57377
SEN01,Av. Regional,Troncal,2025-03-03 16:00:00,36.0,22.0,nublado,6.23017,-75.58993
SEN01,Av. Regional,Troncal,2025-03-01 14:00:00,27.0,21.2,lluvioso,6.23064,-75.58986
SEN05,Av. Oriental,Arteria,2025-03-17 16:00:00,35.0,19.5,lluvioso,6.24685,-75.56562
SEN04,Autopista Norte,Troncal,2025-03-16 12:00:00,4.0,22.4,soleado,6.28684,-75.56428
SEN04,Autopista Norte,Troncal,2025-03-01 04:00:00,13.0,23.7,nublado,6.28734,-75.5646
SEN03,Calle 10,Local,2025-03-02 22:00:00,15.0,25.3,lluvioso,6.20961,-75.57089
SEN06,Circular 4ta,Local,2025-03-01 22:00:00,14.0,23.0,soleado,6.24521,-75.58444
SEN06,Circular 4ta,Local,2025-03-03 22:00:00,29.0,25.3,soleado,6.24405,-75.58588
SEN06,Circular 4ta,Local,2025-03-14 18:00:00,41.0,23.5,soleado,6.24573,-75.58549
SEN06,Circular 4ta,Local,2025-03-13 22:00:00,13.0,19.4,lluvioso,6.24538,-75.5853
SEN03,Calle 10,Local,2025-03-17 20:00:00,22.0,25.9,nublado,6.2099,-75.57123
SEN01,Av. Regional,Troncal,2025-03-16 20:00:00,12.0,22.4,nublado,6.23092,-75.59095
SEN04,Autopista Norte,Troncal,2025-03-10 14:00:00,9.0,27.1,soleado,6.28661,-75.56418
SEN03,Calle 10,Local,2025-03-14 22:00:00,28.0,26.4,soleado,6.20943,-75.57122
SEN01,Av. Regional,Troncal,2025-03-06 08:00:00,50.0,24.4,lluvioso,6.23007,-75.58977
SEN06,Circular 4ta,Local,2025-03-13 20:00:00,24.0,24.2,soleado,6.2458,-75.58598
SEN02,Av. 33,Arteria,2025-03-18 08:00:00,19.0,27.0,lluvioso,6.21455,-75.5728
SEN06,Circular 4ta,Local,2025-03-07 04:00:00,19.0,21.3,soleado,6.24582,-75.58534
SEN06,Circular 4ta,Local,2025-03-15 06:00:00,38.0,31.7,soleado,6.24443,-75.58585
SEN02,Av. 33,Arteria,2025-03-12 20:00:00,15.0,21.3,nublado,6.21443,-75.57396
SEN01,Av. Regional,Troncal,2025-03-14 04:00:00,19.0,22.1,soleado,6.23018,-75.59147
SEN01,Av. Regional,Troncal,2025-03-19 00:00:00,23.0,21.8,lluvioso,6.23064,-75.59135
SEN03,Calle 10,Local,2025-03-07 14:00:00,22.0,18.1,soleado,6.20863,-75.57131
SEN02,Av. 33,Arteria,2025-03-14 06:00:00,19.0,25.4,soleado,6.21372,-75.57307
SEN05,Av. Oriental,Arteria,2025-03-03 18:00:00,39.0,23.8,nublado,6.24654,-75.56439
SEN01,Av. Regional,Troncal,2025-03-01 22:00:00,17.0,25.2,soleado,6.23096,-75.58981
SEN05,Av. Oriental,Arteria,2025-03-10 02:00:00,14.0,20.1,soleado,6.2469,-75.56448
SEN02,Av. 33,Arteria,2025-03-20 04:00:00,5.0,25.0,nublado,6.2147,-75.57264
SEN05,Av. Oriental,Arteria,2025-03-14 18:00:00,19.0,23.1,soleado,6.24759,-75.56568
SEN03,Calle 10,Local,2025-03-16 18:00:00,52.0,20.8,nublado,6.20837,-75.57175
SEN06,Circular 4ta,Local,2025-03-07 08:00:00,48.0,21.8,nublado,6.24434,-75.58574
SEN02,Av. 33,Arteria,2025-10-03 14:00:00,28.0,20.4,lluvioso,6.21435,-75.57346
SEN05,Av. Oriental,Arteria,2025-03-09 16:00:00,51.0,22.1,lluvioso,6.24681,-75.56573
SEN04,Autopista Norte,Troncal,2025-03-06 12:00:00,10.0,25.5,nublado,6.28599,-75.56497
SEN03,Calle 10,Local,2025-03-10 12:00:00,9.0,24.4,nublado,6.20955,-75.57056
SEN04,Autopista Norte,Troncal,2025-03-01 16:00:00,33.0,23.1,nublado,6.28578,-75.56582
SEN03,Calle 10,Local,2025-03-04 16:00:00,45.0,23.1,soleado,6.20998,-75.57007
SEN04,Autopista Norte,Troncal,2025-03-13 08:00:00,31.0,23.2,soleado,6.28695,-75.56416
SEN03,Calle 10,Local,2025-03-19 10:00:00,17.0,24.4,soleado,6.20924,-75.57158
SEN02,Av. 33,Arteria,2025-03-17 00:00:00,17.0,25.0,nublado,6.21548,-75.57244
SEN02,Av. 33,Arteria,2025-03-04 22:00:00,3.0,21.0,nublado,6.21496,-75.57323
SEN01,Av. Regional,Troncal,2025-03-20 12:00:00,7.0,21.0,nublado,6.23073,-75.59014
SEN01,Av. Regional,Troncal,2025-03-09 20:00:00,12.0,20.5,nublado,6.23093,-75.59156
SEN02,Av. 33,Arteria,2025-10-03 06:00:00,39.0,25.8,soleado,6.21534,-75.57329
SEN04,Autopista Norte,Troncal,2025-03-01 18:00:00,46.0,26.6,nublado,6.28742,-75.56508
SEN03,Calle 10,Local,2025-03-12 10:00:00,16.0,25.6,soleado,6.20876,-75.57188
SEN04,Autopista Norte,Troncal,2025-03-09 18:00:00,45.0,22.0,soleado,6.28619,-75.56554
SEN05,Av. Oriental,Arteria,2025-03-04 06:00:00,39.0,19.9,soleado,6.2471,-75.56594
SEN01,Av. Regional,Troncal,2025-03-03 22:00:00,17.0,23.7,lluvioso,6.23159,-75.59119
SEN04,Autopista Norte,Troncal,2025-03-05 06:00:00,43.0,26.3,soleado,6.28589,-75.56406
SEN04,Autopista Norte,Troncal,2025-03-04 08:00:00,25.0,23.3,soleado,6.28726,-75.56426
SEN04,Autopista Norte,Troncal,2025-03-12 08:00:00,48.0,17.4,soleado,6.28601,-75.56415
SEN06,Circular 4ta,Local,2025-03-02 04:00:00,25.0,26.4,soleado,6.24573,-75.58561
SEN04,Autopista Norte,Troncal,2025-03-02 16:00:00,38.0,23.4,nublado,6.28603,-75.56494
SEN01,Av. Regional,Troncal,2025-03-14 00:00:00,17.0,20.1,nublado,6.23119,-75.59108
SEN06,Circular 4ta,Local,2025-03-13 12:00:00,16.0,25.5,nublado,6.24404,-75.58537
SEN03,Calle 10,Local,2025-03-10 22:00:00,16.0,18.1,nublado,6.20865,-75.57194
SEN04,Autopista Norte,Troncal,2025-03-11 08:00:00,42.0,23.0,soleado,6.28694,-75.56534
SEN06,Circular 4ta,Local,2025-03-16 08:00:00,19.0,22.6,nublado,6.24436,-75.58509
SEN02,Av. 33,Arteria,2025-03-12 08:00:00,19.0,20.0,soleado,6.21536,-75.57308
SEN02,Av. 33,Arteria,2025-03-07 16:00:00,43.0,23.1,soleado,6.21459,-75.57344
SEN04,Autopista Norte,Troncal,2025-03-15 12:00:00,19.0,22.3,lluvioso,6.28659,-75.56513
SEN01,Av. Regional,Troncal,2025-03-18 18:00:00,45.0,23.4,soleado,6.23052,-75.59042
SEN01,Av. Regional,Troncal,2025-03-01 20:00:00,16.0,23.5,soleado,6.23058,-75.59045
SEN04,Autopista Norte,Troncal,2025-03-06 10:00:00,15.0,22.1,nublado,6.28678,-75.56414
SEN02,Av. 33,Arteria,2025-03-04 00:00:00,8.0,21.9,nublado,6.21495,-75.57367
SEN05,Av. Oriental,Arteria,2025-03-12 14:00:00,19.0,31.9,lluvioso,6.24658,-75.56591
SEN06,Circular 4ta,Local,2025-03-13 14:00:00,6.0,25.3,soleado,6.24452,-75.58559
SEN03,Calle 10,Local,2025-03-18 00:00:00,18.0,21.4,soleado,6.20868,-75.57089
SEN01,Av. Regional,Troncal,2025-03-09 22:00:00,12.0,24.4,soleado,6.2308,-75.59006
SEN05,Av. Oriental,Arteria,2025-03-18 16:00:00,38.0,25.4,lluvioso,6.24605,-75.56476
SEN04,Autopista Norte,Troncal,2025-03-12 06:00:00,35.0,26.9,lluvioso,6.28591,-75.56573
SEN06,Circular 4ta,Local,2025-03-15 00:00:00,8.0,26.1,soleado,6.24438,-75.58474
SEN02,Av. 33,Arteria,2025-03-01 16:00:00,37.0,24.2,nublado,6.21363,-75.57433
SEN05,Av. Oriental,Arteria,2025-03-14 04:00:00,8.0,25.5,soleado,6.24758,-75.56557
SEN03,Calle 10,Local,2025-03-14 08:00:00,29.0,20.2,soleado,6.20922,-75.5704
SEN06,Circular 4ta,Local,2025-03-18 00:00:00,11.0,21.7,soleado,6.24407,-75.58529
SEN02,Av. 33,Arteria,2025-03-20 14:00:00,16.0,23.5,nublado,6.21409,-75.57323
SEN01,Av. Regional,Troncal,2025-03-06 06:00:00,41.0,25.0,soleado,6.23087,-75.59083
SEN05,Av. Oriental,Arteria,2025-03-20 22:00:00,16.0,27.3,soleado,6.24738,-75.5658
SEN04,Autopista Norte,Troncal,2025-03-10 20:00:00,14.0,22.3,soleado,6.28728,-75.56486
SEN06,Circular 4ta,Local,2025-03-08 16:00:00,37.0,28.1,soleado,6.24417,-75.58556
SEN03,Calle 10,Local,2025-03-05 16:00:00,38.0,23.1,lluvioso,6.21,-75.57132
SEN05,Av. Oriental,Arteria,2025-03-19 10:00:00,21.0,23.5,soleado,6.24698,-75.56582
SEN03,Calle 10,Local,2025-03-19 18:00:00,35.0,24.4,nublado,6.20859,-75.57149
SEN03,Calle 10,Local,2025-03-12 12:00:00,20.0,25.3,soleado,6.20974,-75.57036
SEN06,Circular 4ta,Local,2025-03-11 14:00:00,20.0,24.7,soleado,6.24452,-75.58465
SEN03,Calle 10,Local,2025-03-11 04:00:00,25.0,19.8,soleado,6.20939,-75.57158
SEN03,Calle 10,Local,2025-03-16 08:00:00,24.0,23.6,lluvioso,6.20928,-75.57165
SEN04,Autopista Norte,Troncal,2025-03-08 12:00:00,8.0,23.4,nublado,6.28657,-75.56476
SEN02,Av. 33,Arteria,2025-03-14 14:00:00,5.0,23.7,soleado,6.21363,-75.57258
SEN01,Av. Regional,Troncal,2025-03-20 20:00:00,14.0,22.3,soleado,6.23072,-75.5916
SEN05,Av. Oriental,Arteria,2025-03-11 14:00:00,15.0,29.5,soleado,6.24787,-75.56588
SEN05,Av. Oriental,Arteria,2025-03-13 02:00:00,17.0,25.3,soleado,6.24655,-75.56478
SEN02,Av. 33,Arteria,2025-03-07 12:00:00,0.0,19.9,nublado,6.21503,-75.57286
SEN03,Calle 10,Local,2025-03-08 16:00:00,41.0,23.1,soleado,6.20859,-75.57106
SEN01,Av. Regional,Troncal,2025-03-15 04:00:00,17.0,25.8,soleado,6.22995,-75.59106
SEN06,Circular 4ta,Local,2025-03-01 18:00:00,37.0,24.3,nublado,6.2455,-75.58405
SEN03,Calle 10,Local,2025-09-03 00:00:00,12.0,23.5,nublado,6.20862,-75.57111
SEN03,Calle 10,Local,2025-03-06 20:00:00,16.0,26.5,soleado,6.20846,-75.57157
SEN04,Autopista Norte,Troncal,2025-03-20 16:00:00,44.0,22.8,nublado,6.28643,-75.56533
SEN02,Av. 33,Arteria,2025-03-12 02:00:00,27.0,24.5,nublado,6.21426,-75.57399
SEN01,Av. Regional,Troncal,2025-03-08 18:00:00,36.0,27.0,soleado,6.23058,-75.5916
SEN03,Calle 10,Local,2025-03-14 02:00:00,18.0,22.9,soleado,6.20899,-75.57126
SEN05,Av. Oriental,Arteria,2025-03-01 04:00:00,16.0,26.3,nublado,6.24731,-75.56419
SEN02,Av. 33,Arteria,2025-03-05 22:00:00,21.0,26.1,soleado,6.21435,-75.57289
SEN04,Autopista Norte,Troncal,2025-03-17 02:00:00,16.0,18.9,soleado,6.28622,-75.56501
SEN03,Calle 10,Local,2025-03-02 02:00:00,11.0,24.7,nublado,6.20864,-75.5701
SEN04,Autopista Norte,Troncal,2025-03-20 20:00:00,12.0,21.1,nublado,6.28559,-75.56485
SEN04,Autopista Norte,Troncal,2025-03-06 02:00:00,20.0,22.9,soleado,6.28715,-75.5645
SEN04,Autopista Norte,Troncal,2025-03-09 22:00:00,20.0,23.3,soleado,6.28615,-75.56403
SEN06,Circular 4ta,Local,2025-03-05 06:00:00,35.0,19.3,soleado,6.24561,-75.58599
SEN01,Av. Regional,Troncal,2025-03-01 08:00:00,42.0,21.2,lluvioso,6.23179,-75.59126
SEN04,Autopista Norte,Troncal,2025-03-04 12:00:00,22.0,25.9,nublado,6.28698,-75.56456
SEN03,Calle 10,Local,2025-03-11 00:00:00,23.0,18.9,nublado,6.2095,-75.57056
SEN03,Calle 10,Local,2025-03-08 00:00:00,8.0,22.8,soleado,6.20997,-75.5712
SEN03,Calle 10,Local,2025-03-01 16:00:00,38.0,23.7,nublado,6.20978,-75.57134
SEN03,Calle 10,Local,2025-03-06 08:00:00,41.0,22.3,lluvioso,6.21014,-75.57068
SEN03,Calle 10,Local,2025-03-12 20:00:00,2.0,16.6,soleado,6.20975,-75.57101
SEN05,Av. Oriental,Arteria,2025-03-01 00:00:00,8.0,21.5,soleado,6.24641,-75.56564
SEN04,Autopista Norte,Troncal,2025-03-14 14:00:00,9.0,20.9,soleado,6.28641,-75.56519
SEN01,Av. Regional,Troncal,2025-03-19 06:00:00,40.0,26.9,lluvioso,6.23078,-75.59041
SEN04,Autopista Norte,Troncal,2025-03-04 16:00:00,35.0,22.4,nublado,6.28568,-75.56584
SEN01,Av. Regional,Troncal,2025-03-12 10:00:00,19.0,26.5,nublado,6.23016,-75.59089
SEN01,Av. Regional,Troncal,2025-03-06 18:00:00,37.0,24.4,soleado,6.23065,-75.59027
SEN05,Av. Oriental,Arteria,2025-03-04 18:00:00,42.0,18.7,nublado,6.24772,-75.56433
SEN05,Av. Oriental,Arteria,2025-03-10 04:00:00,17.0,21.6,soleado,6.24602,-75.56424
SEN03,Calle 10,Local,2025-03-02 10:00:00,21.0,27.3,nublado,6.20963,-75.57054
SEN04,Autopista Norte,Troncal,2025-03-15 04:00:00,19.0,19.6,nublado,6.28559,-75.56571
SEN04,Autopista Norte,Troncal,2025-03-17 18:00:00,33.0,24.8,nublado,6.28624,-75.5649
SEN02,Av. 33,Arteria,2025-03-17 08:00:00,38.0,22.8,nublado,6.21486,-75.57361
SEN03,Calle 10,Local,2025-03-08 02:00:00,11.0,19.1,soleado,6.20863,-75.57067
SEN04,Autopista Norte,Troncal,2025-03-14 10:00:00,18.0,23.1,nublado,6.2868,-75.56536
SEN02,Av. 33,Arteria,2025-03-18 22:00:00,15.0,22.9,lluvioso,6.21531,-75.57259
SEN04,Autopista Norte,Troncal,2025-03-18 18:00:00,33.0,23.4,soleado,6.28593,-75.56547
SEN06,Circular 4ta,Local,2025-03-01 08:00:00,46.0,19.0,soleado,6.24505,-75.58506
SEN03,Calle 10,Local,2025-03-04 00:00:00,15.0,22.7,nublado,6.21013,-75.5703
SEN06,Circular 4ta,Local,2025-03-03 02:00:00,26.0,19.6,soleado,6.24539,-75.58554
SEN05,Av. Oriental,Arteria,2025-03-06 04:00:00,12.0,19.7,soleado,6.24619,-75.56572
SEN06,Circular 4ta,Local,2025-03-11 06:00:00,43.0,20.5,soleado,6.24575,-75.58475
SEN02,Av. 33,Arteria,2025-03-08 04:00:00,15.0,28.1,soleado,6.2139,-75.57243
SEN01,Av. Regional,Troncal,2025-03-06 10:00:00,10.0,24.5,nublado,6.2314,-75.59116
SEN04,Autopista Norte,Troncal,2025-03-09 14:00:00,11.0,22.6,soleado,6.28683,-75.56442
SEN06,Circular 4ta,Local,2025-03-10 04:00:00,10.0,22.1,nublado,6.24411,-75.5853
SEN05,Av. Oriental,Arteria,2025-03-20 10:00:00,17.0,25.0,nublado,6.24662,-75.56401
SEN04,Autopista Norte,Troncal,2025-03-02 06:00:00,36.0,19.6,soleado,6.28637,-75.56426
SEN04,Autopista Norte,Troncal,2025-03-14 06:00:00,42.0,22.8,soleado,6.28738,-75.56524
SEN04,Autopista Norte,Troncal,2025-03-06 20:00:00,10.0,25.7,lluvioso,6.28717,-75.56509
SEN05,Av. Oriental,Arteria,2025-03-07 02:00:00,13.0,21.4,lluvioso,6.24755,-75.56541
SEN06,Circular 4ta,Local,2025-03-01 04:00:00,5.0,20.2,soleado,6.24476,-75.5857
SEN06,Circular 4ta,Local,2025-03-17 22:00:00,14.0,25.7,nublado,6.24424,-75.58536
SEN05,Av. Oriental,Arteria,2025-03-19 22:00:00,0.0,24.9,soleado,6.24603,-75.5644
SEN04,Autopista Norte,Troncal,2025-03-17 22:00:00,18.0,25.1,nublado,6.28662,-75.56445
SEN06,Circular 4ta,Local,2025-03-18 22:00:00,20.0,25.3,soleado,6.24541,-75.58547
SEN06,Circular 4ta,Local,2025-03-04 10:00:00,19.0,17.2,soleado,6.2449,-75.58498
SEN01,Av. Regional,Troncal,2025-03-15 16:00:00,30.0,22.6,nublado,6.23126,-75.59065
SEN04,Autopista Norte,Troncal,2025-03-14 22:00:00,10.0,24.3,nublado,6.28646,-75.56441
SEN06,Circular 4ta,Local,2025-03-11 02:00:00,14.0,27.9,nublado,6.24511,-75.58543
SEN06,Circular 4ta,Local,2025-03-12 16:00:00,39.0,24.5,soleado,6.24416,-75.58554
SEN05,Av. Oriental,Arteria,2025-03-14 02:00:00,5.0,28.2,soleado,6.2475,-75.56441
SEN05,Av. Oriental,Arteria,2025-03-02 00:00:00,24.0,21.7,lluvioso,6.24781,-75.5655
SEN02,Av. 33,Arteria,2025-03-06 16:00:00,19.0,18.6,lluvioso,6.21497,-75.57423
SEN06,Circular 4ta,Local,2025-03-20 04:00:00,13.0,20.6,nublado,6.24592,-75.58448
SEN03,Calle 10,Local,2025-03-06 12:00:00,19.0,20.0,nublado,6.21022,-75.57142
SEN06,Circular 4ta,Local,2025-03-08 14:00:00,23.0,24.6,soleado,6.24417,-75.58474
SEN05,Av. Oriental,Arteria,2025-03-15 12:00:00,22.0,24.6,soleado,6.24751,-75.56421
SEN06,Circular 4ta,Local,2025-03-14 10:00:00,14.0,25.9,soleado,6.24535,-75.58473
SEN05,Av. Oriental,Arteria,2025-03-16 08:00:00,52.0,26.5,soleado,6.24754,-75.56543
SEN05,Av. Oriental,Arteria,2025-03-18 04:00:00,19.0,26.8,soleado,6.24628,-75.56535
SEN02,Av. 33,Arteria,2025-03-13 22:00:00,16.0,23.1,soleado,6.21451,-75.57363
SEN04,Autopista Norte,Troncal,2025-03-13 14:00:00,11.0,26.3,soleado,6.28718,-75.56543
SEN06,Circular 4ta,Local,2025-03-05 08:00:00,38.0,21.3,nublado,6.24448,-75.58498
SEN03,Calle 10,Local,2025-03-03 16:00:00,43.0,25.2,soleado,6.21022,-75.57062
SEN04,Autopista Norte,Troncal,2025-03-08 22:00:00,19.0,23.6,nublado,6.28579,-75.56554
SEN02,Av. 33,Arteria,2025-03-19 00:00:00,19.0,21.4,soleado,6.21533,-75.57337
SEN03,Calle 10,Local,2025-03-18 04:00:00,10.0,28.2,nublado,6.21024,-75.57097
SEN06,Circular 4ta,Local,2025-03-01 00:00:00,16.0,22.9,soleado,6.24479,-75.58536
SEN01,Av. Regional,Troncal,2025-03-20 06:00:00,43.0,22.4,soleado,6.23054,-75.59081
SEN02,Av. 33,Arteria,2025-03-06 02:00:00,19.0,22.4,nublado,6.21526,-75.5726
SEN04,Autopista Norte,Troncal,2025-03-02 04:00:00,24.0,25.1,nublado,6.28595,-75.56414
SEN04,Autopista Norte,Troncal,2025-03-03 16:00:00,46.0,22.2,soleado,6.28693,-75.56443
SEN03,Calle 10,Local,2025-03-16 14:00:00,13.0,15.8,soleado,6.20941,-75.57189
SEN02,Av. 33,Arteria,2025-03-18 12:00:00,18.0,30.6,nublado,6.21385,-75.57335
SEN03,Calle 10,Local,2025-03-11 02:00:00,19.0,23.8,lluvioso,6.20838,-75.57098
SEN01,Av. Regional,Troncal,2025-03-16 10:00:00,15.0,23.4,nublado,6.23175,-75.58979
SEN04,Autopista Norte,Troncal,2025-03-03 10:00:00,21.0,30.3,nublado,6.28617,-75.56549
SEN02,Av. 33,Arteria,2025-03-19 06:00:00,31.0,22.1,nublado,6.21429,-75.5739
SEN04,Autopista Norte,Troncal,2025-03-17 06:00:00,43.0,20.6,soleado,6.28686,-75.56586
SEN02,Av. 33,Arteria,2025-03-20 06:00:00,32.0,26.4,soleado,6.21539,-75.57348
SEN01,Av. Regional,Troncal,2025-03-06 16:00:00,19.0,22.1,nublado,6.23049,-75.59063
SEN02,Av. 33,Arteria,2025-03-14 02:00:00,2.0,24.6,soleado,6.21544,-75.57335
SEN05,Av. Oriental,Arteria,2025-03-15 00:00:00,8.0,23.8,soleado,6.24735,-75.56452
SEN03,Calle 10,Local,2025-03-04 10:00:00,19.0,27.6,lluvioso,6.20874,-75.57001
SEN06,Circular 4ta,Local,2025-03-01 12:00:00,14.0,22.6,soleado,6.24551,-75.58411
SEN01,Av. Regional,Troncal,2025-03-14 20:00:00,7.0,18.6,soleado,6.23016,-75.59135
SEN05,Av. Oriental,Arteria,2025-03-03 12:00:00,12.0,24.3,nublado,6.2464,-75.56574
SEN03,Calle 10,Local,2025-03-15 22:00:00,13.0,26.7,nublado,6.2097,-75.5707
SEN06,Circular 4ta,Local,2025-03-18 08:00:00,38.0,23.1,soleado,6.24543,-75.58596
SEN01,Av. Regional,Troncal,2025-03-02 02:00:00,23.0,19.0,soleado,6.2308,-75.59114
SEN01,Av. Regional,Troncal,2025-03-19 14:00:00,26.0,18.1,nublado,6.23025,-75.5901
SEN03,Calle 10,Local,2025-03-13 16:00:00,32.0,28.0,nublado,6.20834,-75.57198
SEN06,Circular 4ta,Local,2025-03-18 02:00:00,6.0,20.6,lluvioso,6.24447,-75.58435
SEN06,Circular 4ta,Local,2025-03-04 22:00:00,19.0,21.6,soleado,6.24485,-75.58554
SEN06,Circular 4ta,Local,2025-03-06 04:00:00,14.0,18.0,soleado,6.24445,-75.58472
SEN03,Calle 10,Local,2025-03-06 16:00:00,33.0,23.8,nublado,6.20998,-75.57008
SEN01,Av. Regional,Troncal,2025-03-20 00:00:00,15.0,26.0,soleado,6.23016,-75.58993
SEN04,Autopista Norte,Troncal,2025-03-03 00:00:00,18.0,15.8,nublado,6.28692,-75.56476
SEN02,Av. 33,Arteria,2025-03-03 06:00:00,26.0,23.5,soleado,6.21358,-75.57246
SEN04,Autopista Norte,Troncal,2025-03-11 10:00:00,13.0,27.3,soleado,6.2867,-75.56549
SEN04,Autopista Norte,Troncal,2025-03-07 02:00:00,13.0,20.7,lluvioso,6.2859,-75.56508
SEN05,Av. Oriental,Arteria,2025-03-17 02:00:00,16.0,24.6,soleado,6.24624,-75.56454
SEN03,Calle 10,Local,2025-03-18 14:00:00,6.0,20.1,soleado,6.20978,-75.57076
SEN01,Av. Regional,Troncal,2025-03-06 14:00:00,6.0,22.6,soleado,6.2306,-75.59008
SEN05,Av. Oriental,Arteria,2025-03-03 08:00:00,40.0,19.7,soleado,6.24618,-75.56587
SEN01,Av. Regional,Troncal,2025-03-10 16:00:00,40.0,22.1,soleado,6.23032,-75.59055
SEN03,Calle 10,Local,2025-03-07 10:00:00,11.0,18.8,nublado,6.20913,-75.57136
SEN06,Circular 4ta,Local,2025-03-03 18:00:00,50.0,23.5,nublado,6.24453,-75.58453
SEN02,Av. 33,Arteria,2025-03-05 18:00:00,44.0,25.5,nublado,6.21524,-75.57335
SEN06,Circular 4ta,Local,2025-06-03 10:00:00,19.0,20.3,lluvioso,6.24582,-75.58522
SEN01,Av. Regional,Troncal,2025-03-04 22:00:00,18.0,22.1,nublado,6.23013,-75.58982
SEN03,Calle 10,Local,2025-03-19 16:00:00,45.0,19.9,nublado,6.21014,-75.57084
SEN02,Av. 33,Arteria,2025-03-03 00:00:00,13.0,23.1,nublado,6.21521,-75.57276
SEN04,Autopista Norte,Troncal,2025-03-13 20:00:00,8.0,21.0,nublado,6.28693,-75.56444
SEN02,Av. 33,Arteria,2025-03-18 20:00:00,3.0,24.2,nublado,6.21525,-75.57422
SEN02,Av. 33,Arteria,2025-03-17 04:00:00,13.0,25.9,nublado,6.21483,-75.57428
SEN03,Calle 10,Local,2025-03-11 10:00:00,17.0,21.5,soleado,6.20983,-75.57036
SEN03,Calle 10,Local,2025-03-13 22:00:00,7.0,21.3,soleado,6.20889,-75.57172
SEN03,Calle 10,Local,2025-03-17 14:00:00,19.0,23.5,soleado,6.21012,-75.57147
SEN05,Av. Oriental,Arteria,2025-03-10 08:00:00,30.0,25.3,soleado,6.24692,-75.56574
SEN04,Autopista Norte,Troncal,2025-03-02 22:00:00,20.0,16.8,lluvioso,6.28664,-75.56561
SEN02,Av. 33,Arteria,2025-03-15 16:00:00,32.0,23.1,soleado,6.21454,-75.57405
SEN01,Av. Regional,Troncal,2025-03-17 20:00:00,23.0,18.7,nublado,6.23102,-75.59129
SEN04,Autopista Norte,Troncal,2025-03-01 22:00:00,18.0,26.7,lluvioso,6.28616,-75.56555
SEN01,Av. Regional,Troncal,2025-03-10 18:00:00,39.0,25.6,lluvioso,6.22982,-75.58986
SEN02,Av. 33,Arteria,2025-03-07 08:00:00,19.0,16.9,soleado,6.21527,-75.57265
SEN01,Av. Regional,Troncal,2025-03-06 20:00:00,21.0,23.5,lluvioso,6.23113,-75.58971
SEN02,Av. 33,Arteria,2025-03-07 14:00:00,25.0,21.0,nublado,6.21466,-75.57334
SEN02,Av. 33,Arteria,2025-03-12 12:00:00,19.0,25.0,soleado,6.2148,-75.57267
SEN01,Av. Regional,Troncal,2025-03-02 16:00:00,35.0,22.8,soleado,6.23067,-75.59033
SEN02,Av. 33,Arteria,2025-03-20 02:00:00,5.0,24.1,soleado,6.21469,-75.57288
SEN01,Av. Regional,Troncal,2025-03-18 10:00:00,0.0,23.1,soleado,6.23021,-75.591
SEN06,Circular 4ta,Local,2025-03-08 12:00:00,19.0,22.4,soleado,6.2441,-75.58491
SEN03,Calle 10,Local,2025-03-08 22:00:00,16.0,22.7,soleado,6.20884,-75.57136
SEN05,Av. Oriental,Arteria,2025-03-14 10:00:00,19.0,19.4,soleado,6.24702,-75.56543
SEN01,Av. Regional,Troncal,2025-03-08 10:00:00,16.0,21.8,lluvioso,6.23022,-75.59153
SEN05,Av. Oriental,Arteria,2025-03-20 14:00:00,19.0,22.9,lluvioso,6.24718,-75.56505
SEN02,Av. 33,Arteria,2025-03-03 16:00:00,29.0,25.0,soleado,6.21421,-75.57346
SEN03,Calle 10,Local,2025-03-12 16:00:00,47.0,30.4,nublado,6.2091,-75.57141
SEN05,Av. Oriental,Arteria,2025-03-09 00:00:00,14.0,20.9,soleado,6.24643,-75.564
SEN01,Av. Regional,Troncal,2025-03-16 04:00:00,14.0,17.9,soleado,6.23033,-75.59118
SEN04,Autopista Norte,Troncal,2025-03-05 00:00:00,24.0,25.8,soleado,6.28553,-75.56489
SEN05,Av. Oriental,Arteria,2025-03-14 12:00:00,24.0,25.1,lluvioso,6.24614,-75.56538
SEN03,Calle 10,Local,2025-03-03 08:00:00,30.0,23.1,soleado,6.20866,-75.57027
SEN01,Av. Regional,Troncal,2025-03-02 20:00:00,11.0,23.9,soleado,6.23103,-75.591
SEN05,Av. Oriental,Arteria,2025-03-09 12:00:00,5.0,22.3,nublado,6.24695,-75.56521
SEN05,Av. Oriental,Arteria,2025-03-14 06:00:00,41.0,21.6,soleado,6.24694,-75.56463
SEN06,Circular 4ta,Local,2025-03-16 18:00:00,27.0,20.8,soleado,6.24495,-75.58428
SEN02,Av. 33,Arteria,2025-03-10 10:00:00,19.0,26.3,nublado,6.21525,-75.57357
SEN03,Calle 10,Local,2025-03-06 14:00:00,11.0,22.8,lluvioso,6.21024,-75.57006
SEN06,Circular 4ta,Local,2025-03-08 08:00:00,35.0,23.1,soleado,6.24574,-75.58438
SEN02,Av. 33,Arteria,2025-03-15 22:00:00,10.0,23.1,soleado,6.21456,-75.57404
SEN01,Av. Regional,Troncal,2025-03-08 02:00:00,14.0,21.9,nublado,6.23169,-75.59
SEN02,Av. 33,Arteria,2025-03-11 18:00:00,34.0,19.4,lluvioso,6.21387,-75.57322
SEN06,Circular 4ta,Local,2025-03-08 18:00:00,43.0,19.8,lluvioso,6.24515,-75.58433
SEN02,Av. 33,Arteria,2025-03-15 20:00:00,19.0,24.5,soleado,6.21478,-75.57367
SEN02,Av. 33,Arteria,2025-03-14 10:00:00,17.0,22.3,nublado,6.21455,-75.57353
SEN04,Autopista Norte,Troncal,2025-03-02 02:00:00,21.0,23.9,nublado,6.28628,-75.56517
SEN05,Av. Oriental,Arteria,2025-03-05 22:00:00,20.0,21.1,soleado,6.24696,-75.56441
SEN05,Av. Oriental,Arteria,2025-03-09 02:00:00,18.0,23.2,soleado,6.24732,-75.56406
SEN04,Autopista Norte,Troncal,2025-03-06 18:00:00,49.0,24.5,nublado,6.28575,-75.56555
SEN03,Calle 10,Local,2025-03-19 22:00:00,22.0,20.0,soleado,6.20923,-75.57176
SEN06,Circular 4ta,Local,2025-03-04 06:00:00,38.0,20.9,nublado,6.24542,-75.58516
SEN02,Av. 33,Arteria,2025-03-01 18:00:00,34.0,25.6,lluvioso,6.21438,-75.57333
SEN02,Av. 33,Arteria,2025-03-11 08:00:00,19.0,21.1,nublado,6.21474,-75.57365
SEN02,Av. 33,Arteria,2025-03-03 12:00:00,0.0,29.7,lluvioso,6.21373,-75.57291
SEN02,Av. 33,Arteria,2025-03-06 22:00:00,4.0,17.7,soleado,6.21435,-75.57411
SEN05,Av. Oriental,Arteria,2025-03-12 02:00:00,24.0,23.6,lluvioso,6.24634,-75.56586
SEN03,Calle 10,Local,2025-03-03 20:00:00,19.0,21.2,soleado,6.20882,-75.57041
SEN05,Av. Oriental,Arteria,2025-03-07 22:00:00,6.0,27.6,soleado,6.24757,-75.56464
SEN03,Calle 10,Local,2025-03-09 06:00:00,35.0,28.7,nublado,6.20925,-75.57134
SEN03,Calle 10,Local,2025-03-02 16:00:00,37.0,27.6,soleado,6.20958,-75.57195
SEN01,Av. Regional,Troncal,2025-03-16 16:00:00,46.0,21.8,lluvioso,6.23095,-75.59144
SEN05,Av. Oriental,Arteria,2025-03-15 16:00:00,39.0,23.1,soleado,6.24736,-75.56451
SEN06,Circular 4ta,Local,2025-03-11 22:00:00,16.0,23.3,soleado,6.24592,-75.58597
SEN02,Av. 33,Arteria,2025-03-20 20:00:00,13.0,21.1,nublado,6.21486,-75.57262
SEN02,Av. 33,Arteria,2025-03-02 00:00:00,21.0,21.5,soleado,6.21495,-75.57308
SEN02,Av. 33,Arteria,2025-03-08 20:00:00,17.0,24.1,soleado,6.21476,-75.57389
SEN05,Av. Oriental,Arteria,2025-03-09 22:00:00,19.0,19.2,soleado,6.24669,-75.56439
SEN04,Autopista Norte,Troncal,2025-03-16 20:00:00,5.0,22.2,soleado,6.28697,-75.5657
SEN04,Autopista Norte,Troncal,2025-03-10 08:00:00,44.0,21.8,soleado,6.28585,-75.56517
SEN01,Av. Regional,Troncal,2025-03-06 12:00:00,8.0,23.5,soleado,6.22994,-75.59096
SEN05,Av. Oriental,Arteria,2025-03-19 18:00:00,19.0,23.4,nublado,6.24689,-75.56433
SEN04,Autopista Norte,Troncal,2025-03-01 08:00:00,43.0,26.3,soleado,6.28701,-75.56403
SEN02,Av. 33,Arteria,2025-03-05 00:00:00,22.0,23.1,lluvioso,6.21365,-75.57412
SEN04,Autopista Norte,Troncal,2025-03-04 14:00:00,13.0,22.3,soleado,6.28695,-75.56567
SEN01,Av. Regional,Troncal,2025-12-03 14:00:00,14.0,22.3,nublado,6.23015,-75.59149
SEN01,Av. Regional,Troncal,2025-03-07 06:00:00,32.0,18.9,nublado,6.23123,-75.59083
SEN05,Av. Oriental,Arteria,2025-03-12 22:00:00,19.0,23.6,soleado,6.24612,-75.56457
SEN05,Av. Oriental,Arteria,2025-03-03 00:00:00,15.0,24.1,nublado,6.24759,-75.56421
SEN03,Calle 10,Local,2025-03-05 12:00:00,20.0,25.6,soleado,6.20977,-75.57017
SEN05,Av. Oriental,Arteria,2025-03-11 04:00:00,10.0,23.1,soleado,6.24752,-75.56524
SEN03,Calle 10,Local,2025-03-12 02:00:00,10.0,24.9,soleado,6.21004,-75.57074
SEN02,Av. 33,Arteria,2025-03-11 10:00:00,21.0,24.2,soleado,6.21424,-75.57362
SEN06,Circular 4ta,Local,2025-03-10 08:00:00,31.0,20.8,soleado,6.24594,-75.58533
SEN06,Circular 4ta,Local,2025-03-20 06:00:00,27.0,23.1,soleado,6.2457,-75.58466
SEN01,Av. Regional,Troncal,2025-03-07 02:00:00,25.0,23.3,soleado,6.23037,-75.59065
SEN02,Av. 33,Arteria,2025-03-02 14:00:00,19.0,25.7,soleado,6.21397,-75.57337
SEN06,Circular 4ta,Local,2025-03-12 06:00:00,46.0,20.9,nublado,6.24587,-75.58503
SEN06,Circular 4ta,Local,2025-04-03 08:00:00,41.0,20.2,nublado,6.24557,-75.58518
SEN02,Av. 33,Arteria,2025-03-05 06:00:00,36.0,23.8,lluvioso,6.21522,-75.57372
SEN01,Av. Regional,Troncal,2025-03-19 20:00:00,13.0,21.5,nublado,6.23102,-75.59016
SEN05,Av. Oriental,Arteria,2025-03-10 10:00:00,10.0,19.4,soleado,6.24709,-75.56512
SEN05,Av. Oriental,Arteria,2025-03-19 00:00:00,15.0,24.4,soleado,6.24779,-75.56587
SEN03,Calle 10,Local,2025-03-01 02:00:00,14.0,25.0,nublado,6.21006,-75.57081
SEN02,Av. 33,Arteria,2025-03-05 08:00:00,34.0,20.3,soleado,6.21495,-75.57434
SEN05,Av. Oriental,Arteria,2025-03-02 06:00:00,42.0,21.4,lluvioso,6.24778,-75.56538
SEN06,Circular 4ta,Local,2025-03-06 18:00:00,19.0,27.8,lluvioso,6.2443,-75.58429
SEN02,Av. 33,Arteria,2025-03-05 16:00:00,43.0,21.4,lluvioso,6.21453,-75.5734
SEN06,Circular 4ta,Local,2025-03-07 02:00:00,20.0,22.0,lluvioso,6.24479,-75.58524
SEN06,Circular 4ta,Local,2025-03-15 14:00:00,12.0,21.6,soleado,6.24483,-75.58508
SEN02,Av. 33,Arteria,2025-03-11 02:00:00,8.0,22.3,soleado,6.21367,-75.57294
SEN03,Calle 10,Local,2025-03-16 00:00:00,19.0,25.6,soleado,6.20872,-75.57187
SEN02,Av. 33,Arteria,2025-03-19 14:00:00,21.0,21.2,soleado,6.21507,-75.57419
SEN05,Av. Oriental,Arteria,2025-03-10 06:00:00,19.0,22.2,soleado,6.24777,-75.56488
SEN05,Av. Oriental,Arteria,2025-03-16 00:00:00,20.0,18.7,lluvioso,6.24708,-75.56444
SEN01,Av. Regional,Troncal,2025-03-17 18:00:00,35.0,17.0,soleado,6.23094,-75.59053
SEN01,Av. Regional,Troncal,2025-03-02 10:00:00,12.0,27.0,soleado,6.23057,-75.59143
SEN05,Av. Oriental,Arteria,2025-03-05 06:00:00,34.0,25.4,lluvioso,6.24617,-75.56402
SEN06,Circular 4ta,Local,2025-03-13 08:00:00,45.0,25.7,nublado,6.24466,-75.58577
SEN05,Av. Oriental,Arteria,2025-03-08 10:00:00,10.0,24.7,nublado,6.24765,-75.5655
SEN06,Circular 4ta,Local,2025-03-10 20:00:00,22.0,26.7,nublado,6.24466,-75.58478
SEN04,Autopista Norte,Troncal,2025-03-09 00:00:00,19.0,21.4,soleado,6.28555,-75.56404
SEN02,Av. 33,Arteria,2025-03-15 18:00:00,45.0,24.6,soleado,6.21485,-75.57252
SEN04,Autopista Norte,Troncal,2025-03-17 08:00:00,43.0,23.1,lluvioso,6.28623,-75.56577
SEN03,Calle 10,Local,2025-03-12 22:00:00,17.0,21.6,soleado,6.20888,-75.57146
SEN05,Av. Oriental,Arteria,2025-03-17 14:00:00,4.0,25.2,soleado,6.24721,-75.56495
SEN03,Calle 10,Local,2025-03-11 16:00:00,40.0,23.8,soleado,6.20924,-75.57104
SEN04,Autopista Norte,Troncal,2025-03-05 14:00:00,22.0,24.8,soleado,6.28629,-75.56416
SEN04,Autopista Norte,Troncal,2025-03-04 10:00:00,14.0,24.6,soleado,6.28692,-75.56472
SEN03,Calle 10,Local,2025-03-01 00:00:00,9.0,21.1,nublado,6.20881,-75.57023
SEN05,Av. Oriental,Arteria,2025-03-08 14:00:00,12.0,18.2,soleado,6.24764,-75.56527
SEN03,Calle 10,Local,2025-03-20 18:00:00,43.0,25.4,lluvioso,6.20986,-75.57183
SEN02,Av. 33,Arteria,2025-03-17 12:00:00,11.0,23.1,soleado,6.21451,-75.57399
SEN03,Calle 10,Local,2025-03-14 12:00:00,14.0,25.6,nublado,6.21009,-75.57034
SEN01,Av. Regional,Troncal,2025-03-03 08:00:00,44.0,24.7,soleado,6.23056,-75.59112
SEN05,Av. Oriental,Arteria,2025-03-06 06:00:00,37.0,23.1,soleado,6.24654,-75.56566
SEN06,Circular 4ta,Local,2025-03-20 16:00:00,43.0,29.1,nublado,6.246,-75.58498
SEN03,Calle 10,Local,2025-03-13 08:00:00,33.0,21.7,soleado,6.21019,-75.572
SEN02,Av. 33,Arteria,2025-03-08 18:00:00,34.0,22.7,soleado,6.21439,-75.57296
SEN01,Av. Regional,Troncal,2025-03-07 10:00:00,13.0,25.2,soleado,6.23089,-75.59111
SEN04,Autopista Norte,Troncal,2025-03-20 08:00:00,39.0,23.8,lluvioso,6.28674,-75.56536
SEN04,Autopista Norte,Troncal,2025-03-07 04:00:00,19.0,20.8,nublado,6.287,-75.56554
SEN06,Circular 4ta,Local,2025-03-18 20:00:00,12.0,23.2,soleado,6.24469,-75.585
SEN02,Av. 33,Arteria,2025-03-02 10:00:00,19.0,22.7,lluvioso,6.21532,-75.57378
